"","baseMean","log2FoldChange","lfcSE","stat","pvalue","padj"
"1552639_at",2.99585017919142,-0.667788620043121,0.181983063403806,-3.66950972004109,0.00024301609807259,0.0165809926623682
"1552848_a_at",4.26333749200357,-0.597509247594051,0.154084247370185,-3.87780878183182,0.000105401507406403,0.00827548807353781
"1553394_a_at",4.90605676636899,1.62971557039059,0.174030797262738,9.36452395796456,7.6393881823192e-21,1.32033755055892e-17
"1553410_a_at",2.43313755978071,0.667315011095062,0.196759932312921,3.3915188079745,0.00069506392429199,0.037943558880948
"1553434_at",4.20770037663995,1.62247806571828,0.166463855299279,9.74672887877843,1.90508039150593e-22,4.17149103060081e-19
"1553542_at",3.62705755897683,0.681157138253946,0.167445733155419,4.06792771256651,4.74330902308332e-05,0.00429161571343427
"1553602_at",6.24133627159344,1.52240421270686,0.218458744661497,6.96884079905263,3.19563065585361e-12,1.42025895654202e-09
"1553603_s_at",6.13321563900807,-0.44322961897438,0.122975002455523,-3.60422533136103,0.000313085348405396,0.0203966048298352
"1553613_s_at",7.49565086996735,-0.860188856418897,0.116245352966589,-7.39976983566928,1.36420744139258e-13,8.02520479030554e-11
"1553798_a_at",2.61886870145289,-0.840712058766833,0.201908521913498,-4.16382652301824,3.12957931366759e-05,0.00306077516299986
"1553962_s_at",5.11462490727645,0.601478106497959,0.137235418153695,4.38281978945365,1.17153017414713e-05,0.00131927686525243
"1553972_a_at",5.56950928877612,-0.549390160827118,0.13232481060973,-4.15183032037319,3.29826773194265e-05,0.00319405219623556
"1554020_at",3.31704900387084,-1.04512574919879,0.181912019824776,-5.7452264573033,9.17980462114929e-09,2.34943389180505e-06
"1554063_at",3.92540658149879,-0.553900100539376,0.158646757981384,-3.49140510393772,0.000480487117504099,0.0286691714438113
"1554242_a_at",2.96804830631106,-0.865754918443488,0.185048828295455,-4.67852148223924,2.88950901483272e-06,0.000394073039137083
"1554712_a_at",4.52855138191129,0.635945889964432,0.1419862563999,4.4789256797736,7.5019645253272e-06,0.00089600736303408
"1555203_s_at",4.02726241386789,0.586412710172993,0.159293800078358,3.68132789778718,0.000232022382010562,0.0160156395176257
"1555416_a_at",3.64958985297192,0.743867801591161,0.162042819457922,4.59056318619735,4.42051606187969e-06,0.00057692125848651
"1555487_a_at",4.52256405810756,-0.700982446104216,0.146409295606014,-4.787827461383,1.68596498236043e-06,0.000248878740879228
"1555788_a_at",2.82100293602896,0.69758683148065,0.186109745221663,3.74825526008754,0.000178068979121851,0.0130940498938594
"1556194_a_at",4.80954159492727,-0.494776275127558,0.144858090247932,-3.41559297296218,0.00063643299141887,0.0354299010222928
"1556420_s_at",4.00447225041172,0.52018976479154,0.156275246360434,3.32867665805352,0.000872596457011586,0.0453129338032341
"1556474_a_at",3.71771053113944,1.42038556961221,0.188091979006037,7.55154779655232,4.30115637990233e-14,2.73428673479791e-11
"1556654_at",4.24137897191874,0.850734608475055,0.154557330814641,5.50433036072118,3.7057408732012e-08,8.39414199864092e-06
"1556655_s_at",4.70856278935679,0.644402255690004,0.1434308825765,4.49277201753471,7.03020338954903e-06,0.000852579804294417
"1556666_a_at",3.75124613659886,0.727677299056438,0.175873855758128,4.13749556987699,3.51117226266905e-05,0.00337534984294727
"1557155_a_at",4.64083618635163,-0.84741322038979,0.144893451998253,-5.84852668428388,4.95946089982939e-09,1.31189390540856e-06
"1557758_at",3.40753339449186,0.586923177082986,0.158929302070652,3.69298278817125,0.000221639029358964,0.0155994298270611
"1558164_s_at",2.45556187817282,-0.709861833935809,0.205702081586778,-3.45092197638431,0.000558675053912146,0.0320239754129644
"1558996_at",5.51409014075401,0.461593160496851,0.131105150666578,3.52078585890771,0.000430269939761403,0.0262112201016321
"1559051_s_at",2.72019558882733,-0.709964715079314,0.189916047377272,-3.73830818871749,0.000185262758731149,0.0134925277438052
"1559078_at",5.52519280384563,-0.614017446528865,0.126255757386568,-4.86328274637704,1.15454736993427e-06,0.0001781478223041
"1559258_a_at",4.55057718915701,-1.15348059424269,0.153784557589852,-7.50062693108017,6.35133197082254e-14,3.91142809840625e-11
"1560527_at",2.6976991067136,-1.18213677320422,0.206775855342724,-5.71699617078053,1.08423559320512e-08,2.72191475608831e-06
"1560813_at",4.06658563121703,0.528541157147412,0.157631608625582,3.35301505678879,0.0007993635786494,0.0423469302269993
"1561443_at",2.34875923662612,0.763248393402415,0.192228221710319,3.97053245674094,7.17121855878366e-05,0.00593794975369536
"1561817_at",4.195838644172,0.977678103736375,0.153675004665906,6.36198518986141,1.99162650287705e-10,7.07188891751314e-08
"1564307_a_at",2.8893307834637,-0.734589324514204,0.179407733620379,-4.09452429775726,4.23036050270716e-05,0.00393243935975707
"1565597_at",3.74554225285192,0.520330230605394,0.15713494697975,3.31135906179069,0.000928439948049792,0.047529249401364
"1566968_at",4.52287797514797,0.60603502356582,0.137155080432627,4.41861155747355,9.9337001794167e-06,0.00114173730057222
"1569112_at",3.26123058849923,0.678817236420574,0.168176674265974,4.03633404800844,5.42928978341939e-05,0.00484140333764008
"1569208_a_at",5.87972888172357,0.458189178587206,0.127561291440974,3.59191392162428,0.00032825828425147,0.0212795592359991
"1569362_at",5.21532749447019,0.59986684596314,0.132421781533371,4.52997111968298,5.89917497725295e-06,0.000733470291966712
"1569872_a_at",3.8748349574749,-0.73173004851602,0.163921517999261,-4.46390478472337,8.04793391069082e-06,0.00094686945419692
"201116_s_at",7.46869055909155,0.500388985441558,0.11570822591426,4.32457572906136,1.52825699689994e-05,0.00164127305928649
"201117_s_at",8.52721329479226,0.379847539595593,0.107806177962357,3.52343016675932,0.000425999340449554,0.0260741802222578
"201124_at",5.44084080648652,0.509429048028802,0.142222493689489,3.58191615695493,0.000341083268083419,0.0218592779320974
"201387_s_at",5.08595387744333,-0.578050486706906,0.144458803066794,-4.00149021336989,6.2944799077509e-05,0.00544058401500206
"201388_at",8.44813548350702,0.362465520817939,0.102906208312003,3.52229011994082,0.000427835657715149,0.026103273395023
"201525_at",7.42985406438874,0.637358909272502,0.119450628379387,5.33575183253273,9.51494666628402e-08,1.95324014533812e-05
"201820_at",4.23474013669582,-0.905357888030447,0.227854159654044,-3.97340952390368,7.08510784277415e-05,0.00589140169863081
"201860_s_at",8.11084688089296,0.398456730218964,0.113093181933061,3.52326040711107,0.00042627231171567,0.0260741802222578
"201884_at",3.35166659782269,2.00649094805166,0.226805837846562,8.84673413657496,9.01177427475149e-19,9.5997316558123e-16
"201942_s_at",4.57336234099246,0.60429219989463,0.139641505096741,4.32745407231172,1.50842785566525e-05,0.00162885412337507
"201951_at",9.83358020681881,0.407889948919437,0.0990005250974595,4.12007864117788,3.78743105839235e-05,0.00358840883979509
"201952_at",11.4159916989946,0.362241356976076,0.0925098620401402,3.91570529873776,9.01403019926916e-05,0.00731026720728384
"202035_s_at",4.81520624301588,-0.93080961303645,0.149569774045152,-6.22324676879875,4.869705282084e-10,1.58623606601701e-07
"202036_s_at",6.98924828462783,-0.963484755735416,0.12751001219435,-7.55614982035198,4.1517560214863e-14,2.68257888247313e-11
"202037_s_at",8.61700830873759,-0.825977887861045,0.11487249470144,-7.19038870016538,6.46071252175878e-13,3.44111518017028e-10
"202094_at",3.80098379860791,-0.61135588385901,0.154208613065259,-3.96447300644805,7.35582695175764e-05,0.00606532559574426
"202134_s_at",4.57873972907664,-0.711453497665744,0.143733292077546,-4.94981703530388,7.42832813264226e-07,0.000120983522735522
"202234_s_at",4.38094181074932,-0.568626765025059,0.151833849624867,-3.74505926333261,0.000180351198016787,0.0132371734052768
"202236_s_at",6.8819290830646,-0.436080934472726,0.118142789540716,-3.69113456833044,0.000223255976693081,0.0156573150629557
"202240_at",3.87427546680219,-0.622842425359011,0.154464379176423,-4.03227222146555,5.5240146436765e-05,0.00490347842010602
"202341_s_at",7.0285837408374,-0.41855362691184,0.114834353120824,-3.64484682098097,0.000267551109365068,0.017903666255543
"202342_s_at",7.10754393720088,-0.412089199637111,0.115178027411344,-3.57784560908813,0.000346437975777173,0.0220846797388469
"202363_at",7.2712674504205,0.421463536227771,0.118768249201496,3.54862127766774,0.000387253620314323,0.0241506553656151
"202431_s_at",10.2500275316411,-0.346987045401691,0.0982151262106913,-3.53292877369351,0.000410983180895006,0.0253497513173643
"202580_x_at",6.62838532553911,-0.442405671598493,0.114957681604766,-3.8484220055822,0.000118881133625693,0.00918741372690799
"202965_s_at",2.99622974689878,-1.03388459988896,0.196621776612089,-5.25824055556516,1.4544019049675e-07,2.69125806020605e-05
"202991_at",8.04830666759652,0.702668007183694,0.106391519222539,6.60454904975956,3.98729182529999e-11,1.54073647061151e-08
"203074_at",7.37144686477574,-0.421584833779798,0.117590143971788,-3.58520552437577,0.000336812855746335,0.0217097487205116
"203108_at",8.3863259916397,0.430958269496282,0.107686835275358,4.00195872034227,6.28202604793483e-05,0.00544058401500206
"203128_at",6.69655393679805,0.405600353389519,0.119399231084972,3.3970097604805,0.00068126536942614,0.0375229446884478
"203263_s_at",5.96430704617843,-0.41551885969314,0.125749925879183,-3.3043268756465,0.000952047566824788,0.0482934398955369
"203418_at",5.31071003906268,-0.454672307397651,0.126309945847023,-3.59965562765987,0.000318638885854632,0.0207241469423671
"203431_s_at",6.20122635416895,0.551733523753332,0.123706752394729,4.46001138234424,8.19553002732149e-06,0.000961364941954909
"203453_at",7.29356890851972,0.748816885438901,0.124859574247481,5.9972724554922,2.00659242495625e-09,5.73334147914952e-07
"203571_s_at",8.44267272078151,0.525964185157338,0.113486483136562,4.63459762449796,3.57632429956485e-06,0.00048273029432551
"203636_at",6.30742881762051,-0.459551460536643,0.124296041023891,-3.69723328877637,0.000217962024553133,0.015395618702038
"203638_s_at",7.47948415370897,-0.717324696070968,0.123373530748859,-5.81425117459891,6.09059060675815e-09,1.60036358783177e-06
"203639_s_at",4.27502123578292,-1.03187793444922,0.173157233813698,-5.95919622716673,2.53481578797681e-09,7.0856191111573e-07
"203649_s_at",3.17141304215187,0.678161247442015,0.185337446333089,3.65906221791371,0.000253139882307308,0.0171725564909815
"203699_s_at",4.04980966957905,0.601152566316321,0.157002295251036,3.828941260732,0.000128695716208269,0.00977343537308812
"203702_s_at",6.33606001663674,-0.423012194722718,0.118213357944367,-3.57837897576511,0.000345731895163548,0.0220846797388469
"203722_at",4.30260944520791,0.838322205936821,0.153198857380299,5.47211787523833,4.44688876035621e-08,9.79160187713294e-06
"203757_s_at",3.39108046499859,2.61712484712512,0.358621978056259,7.29772575933581,2.92672396506818e-13,1.62470279379151e-10
"203767_s_at",5.5868495660486,0.6127653293888,0.130099320990067,4.70998099548562,2.477398908422e-06,0.000343817607663889
"203789_s_at",8.86484488432128,0.468903454150325,0.107670095131524,4.35500176328012,1.33065846994819e-05,0.00147321834085781
"203806_s_at",3.17080718333531,-0.696701162556781,0.173061942750317,-4.02573293402778,5.67981237514066e-05,0.00498583797224485
"203819_s_at",4.58927423952628,-0.635939007377788,0.15372226121783,-4.13693503035737,3.51975715173476e-05,0.00337537003353951
"203820_s_at",4.78640617153665,-0.528043293546286,0.149240810348499,-3.53819637077303,0.000402870323243136,0.0249273640821114
"203824_at",3.15409460049863,1.12967145231601,0.201877548941758,5.59582508425402,2.19574993946925e-08,5.27702976306347e-06
"203881_s_at",6.00910487524185,-0.598870690605646,0.131939481688212,-4.53898016683774,5.65269519050331e-06,0.000709539261906043
"203963_at",8.06563202286796,0.555441941828274,0.122308627351631,4.54131449150687,5.59045646507064e-06,0.000703968853400301
"204014_at",8.79173911109612,0.53342208292895,0.106137567774025,5.02576132199153,5.01439228513885e-07,8.37446006468063e-05
"204015_s_at",7.84552166322241,0.520965194182457,0.111929442831334,4.65440710687267,3.24914277097378e-06,0.000440074615722201
"204061_at",6.35858590112007,-0.420531190548175,0.117787818344102,-3.5702434806938,0.000356649565607378,0.0225633803833856
"204069_at",5.23809735036602,0.514326779531467,0.135930294021566,3.78375389558024,0.000154480581034509,0.0115098253703102
"204086_at",4.12270906137426,-0.659493972931671,0.17014100448448,-3.87616127534871,0.000106117362138831,0.00829863037964266
"204197_s_at",4.78727209203464,-0.477579315979599,0.14168057263786,-3.3708172340629,0.000749455611730313,0.0404090882089447
"204259_at",7.91891778520133,-0.488171227221348,0.110481912971305,-4.41856240621159,9.9359591540131e-06,0.00114173730057222
"204268_at",5.60285102454255,-0.647615626421987,0.143425512611038,-4.51534468751235,6.32138618006839e-06,0.000778597234066298
"204284_at",6.11645197053318,0.557083117723045,0.136099354662567,4.09320910524689,4.25443723752446e-05,0.00394551504187739
"204285_s_at",9.02785762641913,-0.379875212130905,0.107178521862305,-3.54432217883113,0.000393623925703765,0.0244319581223436
"204286_s_at",7.47332696339945,-0.418323886942427,0.118852410818077,-3.51969206230693,0.000432048097924129,0.0262384341010503
"204304_s_at",8.1836519450737,-0.382959990558261,0.115565156225385,-3.31380152172666,0.000920368135886774,0.0472951625917097
"204337_at",6.0324619881853,0.46019208782165,0.125336710953395,3.67164643400261,0.000240992931880217,0.016490443432512
"204364_s_at",5.4410596892311,0.898037869345909,0.141043520314177,6.36709766847506,1.92638517448325e-10,6.90241320609845e-08
"204368_at",3.87515382408333,0.680036463605419,0.156200408288251,4.3536151477305,1.3391070670994e-05,0.00147841921407999
"204385_at",4.51138670179557,0.538655785020791,0.13734024496907,3.92205347487257,8.7797499734249e-05,0.00713494980314575
"204404_at",5.75597694016462,0.538077256863047,0.128105441377558,4.20026855281816,2.66598572258121e-05,0.00266693302715269
"204462_s_at",3.58184846288615,0.708754663389526,0.164793080070858,4.30087636619678,1.70123961648452e-05,0.001802490813014
"204508_s_at",5.508704076474,0.899297659810188,0.15667187586442,5.74000697220487,9.46726532632335e-09,2.40737287465618e-06
"204521_at",4.42055313674743,-0.561245786389636,0.154204245552259,-3.63962603221215,0.000273034278584814,0.0181473407354837
"204579_at",2.64154417228173,1.41347227504069,0.202392440987465,6.98381949515711,2.8726110179755e-12,1.31652431002891e-09
"204580_at",5.16515137810583,-0.48398876473666,0.12882008981503,-3.75709072576809,0.00017190018734292,0.0127115834595382
"204602_at",3.93067119324133,0.591833379066063,0.171519432313946,3.45053252031981,0.000559481757083511,0.0320239754129644
"204607_at",2.57987808080684,1.84315016826367,0.252958875637865,7.28636290628647,3.18434503313279e-13,1.74316354355411e-10
"204623_at",5.1539263205523,2.09705458843966,0.181926273348429,11.5269474267927,9.65051209655997e-31,7.60730567547629e-27
"204624_at",3.31201237236976,0.842125483426893,0.184535520272254,4.5634871930589,5.03108802339586e-06,0.000639662268884272
"204629_at",2.57931980557641,-0.716351365625177,0.19681614416515,-3.63969819987979,0.000272957771304912,0.0181473407354837
"204667_at",6.06615940176603,1.5677362360685,0.147063631526091,10.6602578747715,1.56163838070355e-26,6.83893501522773e-23
"204720_s_at",4.87111444070658,-0.476568863020188,0.14467704198971,-3.29401857036918,0.000987659730999444,0.0494633044950598
"204729_s_at",3.37918950046665,0.540066686489561,0.163553044504143,3.30208886130445,0.000959676621195064,0.0485554484567166
"204733_at",5.13025017138603,-0.773489701758674,0.148139303776502,-5.22136719992718,1.77606972017944e-07,3.22589916825587e-05
"204855_at",6.09410302799863,-0.527779319603926,0.130776021727418,-4.03574992290252,5.44281663585099e-05,0.00484250959109325
"204885_s_at",3.58741291009061,-0.883529284879828,0.167002966446869,-5.29050054425779,1.21982059027046e-07,2.33388391965631e-05
"204913_s_at",5.18745771065742,0.407938865255806,0.12032621448204,3.39027423917417,0.000698227377163433,0.0380198383395531
"204915_s_at",3.64409636514457,0.546342091339888,0.142582952447306,3.83174904125932,0.000127235490888141,0.00969992193010675
"204941_s_at",3.67242216387809,1.11005062011615,0.161904695097662,6.85619783568695,7.07174274699899e-12,3.02962683293715e-09
"204942_s_at",7.04602224751994,0.72880249951935,0.115093741214256,6.33225136163247,2.41609444409391e-10,8.4272518955325e-08
"204951_at",4.73731828530972,0.586793786836995,0.147007806548024,3.99158249222161,6.56338494807743e-05,0.00557136453874355
"204988_at",2.60245236659959,1.06111869854323,0.205957349797428,5.152128339129,2.57546678594921e-07,4.5316717813126e-05
"205005_s_at",7.24807611534731,-0.393022663066392,0.117027986411935,-3.35836473920832,0.000784050825593283,0.0418734136042462
"205006_s_at",6.11019248970779,-0.440093329562563,0.129647068385027,-3.39454902486164,0.000687417313114973,0.037735189385952
"205009_at",5.27794401920427,1.52514469929896,0.190857739220271,7.99100264694414,1.33845683650124e-15,9.76924773219627e-13
"205029_s_at",5.81829728147045,-0.706371916392781,0.131541284293398,-5.36996365960094,7.87525100196852e-08,1.65986707482132e-05
"205030_at",5.69998867076929,-0.822951336133184,0.138506096834793,-5.94162535036115,2.82209815273429e-09,7.72431781887982e-07
"205044_at",7.31645845729621,-1.14477178457466,0.124447835711579,-9.19880830412985,3.61941351333439e-20,4.91915738670903e-17
"205066_s_at",7.97575671385276,0.595481160012074,0.111807261748216,5.32596139732915,1.00420458193629e-07,2.04019172125963e-05
"205073_at",3.94838080125841,0.67429504897091,0.148810189916465,4.53124244616197,5.86377955713312e-06,0.000731376605901408
"205081_at",8.81504490532165,0.3681245984999,0.106460508174245,3.4578512240181,0.000544501984448711,0.0316533941225096
"205143_at",2.48961219120711,-0.833398737744175,0.208502666353102,-3.99706513264825,6.41326595034727e-05,0.00550803766197976
"205150_s_at",6.49991928069999,0.676827818467052,0.121980185814104,5.54867017089584,2.87850627326799e-08,6.67373213262261e-06
"205151_s_at",6.13924251748123,0.655552868713068,0.124911501817623,5.24813855548874,1.53643728044449e-07,2.82977284913266e-05
"205161_s_at",5.04089160586465,0.61921910882798,0.140266056291183,4.41460411164995,1.01195006377842e-05,0.00115608695112356
"205229_s_at",3.50880544435741,-1.07038505716889,0.178218234573794,-6.00603557615019,1.90114492990299e-09,5.50968575494091e-07
"205239_at",6.83720964255491,0.518574902131633,0.133139774187667,3.89496606326429,9.82124794529774e-05,0.00785181879342729
"205306_x_at",4.49492207075202,0.868521210146811,0.137782174379743,6.30358182440254,2.90844552892387e-10,9.96812800669613e-08
"205307_s_at",3.46364734294386,0.863936352363578,0.162537801965546,5.31529491549731,1.06484720831068e-07,2.10903959137473e-05
"205334_at",5.92492414369641,-0.514891676471123,0.128040154839063,-4.02132969237895,5.78705408704247e-05,0.0050686877730376
"205336_at",3.08103560895148,0.864282314089012,0.210458356251871,4.10666665596619,4.01409871602471e-05,0.00374909210410896
"205350_at",4.07810001079907,-1.17143982605395,0.166140861467074,-7.05088330293815,1.77785554025185e-12,8.75904978293582e-10
"205363_at",4.52242359847057,-0.620236686890669,0.150668835201315,-4.11655592918035,3.84576037828243e-05,0.00362536496190026
"205364_at",5.10322173158609,1.00817270992321,0.143723493972848,7.01466880643519,2.30494288636907e-12,1.08151213003989e-09
"205366_s_at",4.00996989609396,0.70825749944838,0.160771076240956,4.40537885301506,1.05599156141986e-05,0.00119944816719891
"205376_at",5.86840786973701,0.758975627020679,0.137437773469285,5.52232190512238,3.34548836221694e-08,7.66622548304758e-06
"205428_s_at",5.3951494441763,-0.492375050516322,0.133639717432177,-3.68434668957008,0.000229289982648603,0.015927480376444
"205440_s_at",3.8640126006759,-0.709387284970173,0.199904240338175,-3.54863550553062,0.000387232698666319,0.0241506553656151
"205471_s_at",4.99041180726617,0.691725584316463,0.154286418086601,4.48338611327536,7.34678201700093e-06,0.000882528964031537
"205475_at",4.24715683941672,-0.781754396739966,0.15708470438011,-4.97664237791283,6.46966927287021e-07,0.000106692696535944
"205476_at",4.22404700469033,-0.513211990225037,0.148940424349906,-3.44575351161447,0.000569469536637274,0.0324395665906767
"205487_s_at",4.30840578692125,-0.570302925390844,0.150106032804365,-3.79933380914893,0.000145085565341418,0.0109338479395156
"205489_at",2.86127999931307,0.960487143649547,0.173990868209879,5.52033077098588,3.38362122271183e-08,7.70878883652971e-06
"205528_s_at",4.44409287116561,0.547875520298049,0.149878951260664,3.65545338881645,0.000256727852697607,0.0173860336533049
"205529_s_at",5.61567481676795,0.513793544950361,0.13403256772682,3.83334851867909,0.000126410656559585,0.00969328719385115
"205543_at",4.46043784667399,-0.634849096180204,0.152820629945133,-4.15421070053261,3.26412299446587e-05,0.00317659614083649
"205549_at",4.24105378372553,-0.52437681051252,0.152635667634354,-3.43548017733763,0.000591504734626939,0.0332575857497663
"205569_at",7.34998105744925,-0.369118422185286,0.110687577391557,-3.33477731543018,0.000853677323512758,0.044683715841875
"205593_s_at",5.51335300703696,-0.453828783507853,0.131854585412875,-3.4418885174663,0.000577668266632755,0.0328545700736846
"205595_at",2.60760630975322,-1.56101227441818,0.260781398299089,-5.98590346013813,2.15191984188082e-09,6.10185385956048e-07
"205597_at",5.84107447327132,0.88759123298009,0.138252884485974,6.42005580050042,1.36224402372639e-10,4.97143388436593e-08
"205608_s_at",2.90038367102287,-0.642945977862986,0.188051455706368,-3.41898963476736,0.000628541207097731,0.0350896928279745
"205609_at",3.91397891193461,-0.561999947956699,0.164353847104286,-3.41945112851601,0.000627476027691812,0.0350799151141065
"205613_at",6.05981322380308,0.459564982054888,0.135031083012429,3.40340143767184,0.000665524199768544,0.0369450293094048
"205624_at",4.47263227959144,0.855025483781455,0.169694315752499,5.03862183002356,4.68895912233409e-07,7.86428233394365e-05
"205632_s_at",2.86135346718176,0.609914694354898,0.173310916778618,3.51919374550413,0.000432860471978514,0.0262473271424018
"205671_s_at",3.40785049701105,-0.794733595172255,0.167438897776786,-4.74640962001387,2.07059181330555e-06,0.000302260391591204
"205680_at",2.76554884294688,0.725438782069008,0.194370944112967,3.73223881470364,0.000189785440873092,0.0137153912808773
"205683_x_at",6.08909783798031,0.489994145767675,0.134086867192529,3.65430378102662,0.000257880794428983,0.0174341571725968
"205776_at",4.20734928371055,0.702397268494526,0.156931314230469,4.47582607677003,7.61164303994663e-06,0.000903630418001375
"205780_at",7.27085104888453,0.491518823337431,0.115428719297786,4.25820217297396,2.06077536964187e-05,0.00211519271924648
"205819_at",3.87491917176244,-0.701192702109126,0.152089358206882,-4.61039950708001,4.01895881441827e-06,0.00053334425155381
"205830_at",5.04616878327797,0.502949648853348,0.147904886056099,3.40049380561088,0.000672642598948595,0.0372353025210112
"205861_at",2.92874228022338,-0.70432671692536,0.189280254001334,-3.72107867585805,0.000198373617993122,0.0142417081595281
"205879_x_at",3.39064934902207,0.710431752035929,0.179835153914359,3.95046094477306,7.80008257552562e-05,0.00639152712332156
"205926_at",5.67674657569292,-0.458489375318893,0.130445504518545,-3.51479628992281,0.000440091434862505,0.0266039322295564
"205979_at",3.37416851130689,0.99809715823188,0.235844627043823,4.2320114337242,2.31610631518525e-05,0.00234670987934991
"206032_at",4.39266541478316,-0.584573295123537,0.155255444121002,-3.76523540564501,0.000166392243434294,0.0123274133133821
"206033_s_at",3.90289470879327,-0.818617626764958,0.178829940342728,-4.57763182829494,4.70269428727819e-06,0.000607711451274697
"206043_s_at",4.99018160879826,0.609984909766537,0.135814070854641,4.49132336530426,7.07819893863643e-06,0.000853150253722986
"206157_at",5.72160767035302,-0.881163765119558,0.138580061059033,-6.3585176567659,2.03709972720701e-10,7.16877220072651e-08
"206164_at",4.17920781261994,1.21368280953085,0.148856224361971,8.15338972040268,3.53862943629412e-16,2.90565709587701e-13
"206165_s_at",3.47540211544401,2.09058030601978,0.223373426485748,9.35912717510812,8.03980849784698e-21,1.32033755055892e-17
"206166_s_at",3.75116795389848,1.49063447045242,0.16394436594548,9.09231898184368,9.69487803601578e-20,1.23262555777912e-16
"206191_at",2.41630335682605,0.814782973755358,0.219721338728222,3.70825600495354,0.000208691614975817,0.014820488851634
"206197_at",3.54282431330059,0.643169968681731,0.186299034298164,3.45235267109525,0.000555720862770746,0.0320233819039348
"206224_at",5.26109914216775,0.618267150617928,0.141420129288179,4.37184687731442,1.23199920630664e-05,0.00137558121012379
"206227_at",8.28602767894523,0.390893799400995,0.113408894442208,3.44676492371761,0.000567342009007019,0.0324075622362357
"206276_at",2.92255993224816,-1.06231466155696,0.199323085212436,-5.32961177289005,9.84229319884661e-08,2.00996965875306e-05
"206373_at",4.38742997816962,-1.14834805194691,0.15688553675991,-7.31965530834293,2.48608702835693e-13,1.39980905908086e-10
"206378_at",5.7340121197072,1.90635981836491,0.236622874251793,8.05653225366676,7.8489291636543e-16,6.06583713835825e-13
"206453_s_at",7.86812418379639,-0.391577396595765,0.113186471988116,-3.45957771911891,0.000541023120495768,0.0314976148762484
"206463_s_at",4.19612688167778,1.13420770566605,0.190789014457659,5.94482711119492,2.76748793253805e-09,7.62781604007375e-07
"206482_at",5.75598529586601,0.462399718854156,0.129765986390069,3.56333529083814,0.000366172486489025,0.0229814050676408
"206509_at",7.12517054800507,1.75519025239705,0.145915159104042,12.0288410277204,2.50654582873178e-33,3.29309990978782e-29
"206560_s_at",4.60142811536404,-1.14452059423639,0.156180678333255,-7.32818301502209,2.33293993080218e-13,1.33261586134257e-10
"206561_s_at",2.995818203515,1.10895723826238,0.18062311948575,6.13961956486899,8.27193435190008e-10,2.54710953551398e-07
"206714_at",4.00993549371344,0.952922149521856,0.160414448064679,5.94037607596067,2.84368954827544e-09,7.72973654177436e-07
"206766_at",2.76570808027816,-0.685719085897311,0.200352597969551,-3.42256148832931,0.000620340654351522,0.0347302649866632
"206793_at",4.50004321707988,1.176067025636,0.14396566046809,8.16908019462512,3.1074955028264e-16,2.66258321192173e-13
"206799_at",4.25255033315395,1.84534137769317,0.261869322979683,7.04680241540298,1.8307598718201e-12,8.79970360828262e-10
"206898_at",4.02132107736278,-0.565707189924145,0.161138313620728,-3.51069324987261,0.000446939814984563,0.0269765480364496
"206999_at",3.70046426415945,-0.658403231156758,0.161037458615864,-4.08850982135343,4.3415316865266e-05,0.00400742692957282
"207018_s_at",4.06038620121548,0.609479008279255,0.15665110380518,3.89067803210144,9.99645017410694e-05,0.00794681286934895
"207039_at",5.92457690383287,-0.798081646049531,0.129164211928098,-6.17881403940123,6.45849145758055e-10,2.05286276055709e-07
"207056_s_at",3.90320601283182,0.842391841689612,0.167035347118596,5.04319508547798,4.57822059247765e-07,7.7236142696825e-05
"207134_x_at",5.8300085273381,0.465047621090146,0.13675160889431,3.40067385568798,0.00067219975663107,0.0372353025210112
"207357_s_at",5.44624594783323,0.636362357322479,0.135467818431714,4.69751683233354,2.63343488559681e-06,0.00036165227380109
"207522_s_at",5.32270267325892,0.596713070655045,0.134367303991536,4.44090975206761,8.95793597734657e-06,0.00104458014381993
"207741_x_at",5.23851351430193,0.495943462971403,0.145560745557367,3.40712367934353,0.000656513708600782,0.0364962359813699
"207746_at",3.86356656371653,-0.504062069886714,0.152262274475357,-3.31048561847337,0.000931342379534995,0.047549130242218
"207802_at",3.44666671053033,0.851543139762202,0.238013708735493,3.57770627703016,0.000346622648201642,0.0220846797388469
"207847_s_at",8.96682443881394,0.354283758879882,0.105223961827976,3.36694943552001,0.00076004622860798,0.0408682974820668
"208083_s_at",4.37072872453673,0.708047195058282,0.150909403144162,4.69186929579128,2.70720067923224e-06,0.000370491692955763
"208084_at",4.39304087061719,0.495947704608467,0.140198643621465,3.53746435627095,0.000403988710154363,0.0249573840470597
"208103_s_at",6.86519371709225,-0.532176242123036,0.113056713660234,-4.70716178538825,2.51189550555148e-06,0.000347381927915109
"208161_s_at",5.79523512886172,0.717508929014016,0.12832463848115,5.59135749382543,2.25301164213717e-08,5.35121739563915e-06
"208228_s_at",6.39241822944997,-0.760784538592872,0.133923018292832,-5.68076009853185,1.34097457040365e-08,3.34513745049934e-06
"208358_s_at",3.37951883636366,-1.24584014868692,0.178828934359558,-6.966658685009,3.24556780087454e-12,1.42134232559632e-09
"208425_s_at",4.36483069993583,0.643497493573814,0.14622060801454,4.40086730804612,1.0781904657973e-05,0.00122114364996939
"208451_s_at",8.09949264920833,0.491675150458836,0.113615858107512,4.32752221959699,1.50796136938417e-05,0.00162885412337507
"208607_s_at",5.54153991154277,-0.483054102104803,0.138401719595779,-3.49023193870444,0.000482601500446645,0.0287330144087675
"208891_at",8.31870409819048,0.395169417698608,0.10409099649657,3.7963842310956,0.000146821879126063,0.0110225477026184
"208892_s_at",8.08785176787288,0.432807807568091,0.105761149568223,4.09231375921176,4.27090231405442e-05,0.00395148694380612
"208893_s_at",6.6745092843093,0.55734838013914,0.115272772529151,4.8350392543755,1.33119363576533e-06,0.000201025540076838
"209074_s_at",3.96490295329312,-0.56766924226719,0.162750813804447,-3.48796561441021,0.000486710667920118,0.0288469387449677
"209114_at",4.87737720815377,0.923828252216434,0.151787592234293,6.08632259473786,1.15533541969925e-09,3.44972653272925e-07
"209167_at",6.99557070847811,-0.405713597666259,0.113804667601769,-3.56499962801133,0.000363856704581171,0.0229145864526117
"209168_at",5.19823465264192,-0.454864196497003,0.135621448487967,-3.35392522029701,0.000796738916248238,0.0422646940040485
"209169_at",4.68589004451406,-0.58252251756376,0.141469225702243,-4.11766244334879,3.82734740316723e-05,0.00361753166782813
"209173_at",7.95870156964393,2.09459136626651,0.143502237322369,14.5962279428517,2.9681979055599e-48,1.16988552249738e-43
"209243_s_at",4.33715680733939,-0.635109180148532,0.15849238917608,-4.00719039854301,6.14453281982827e-05,0.00533437481411258
"209283_at",8.51554342603236,-0.537874823101879,0.108962335634577,-4.93633712942543,7.96034559622741e-07,0.000127986678020012
"209292_at",5.07997570394337,-0.531526487677722,0.147159033865969,-3.61191884530739,0.000303939691623537,0.0199991302264609
"209293_x_at",3.19903439407798,-0.650445683232839,0.178777393721169,-3.63829939397881,0.000274444276334841,0.0182103479923593
"209395_at",8.73045559406417,-0.550145830754988,0.103428608159512,-5.3190876348885,1.04288896990351e-07,2.07598110402913e-05
"209396_s_at",7.13651942644097,-0.719610665435384,0.115086497998751,-6.25278097734098,4.03207423596152e-10,1.32433478280156e-07
"209425_at",4.3253679661305,0.510974389674606,0.150616849995949,3.39254465677877,0.000692466435518561,0.037854191525005
"209457_at",6.30241804065042,0.433432468737513,0.125567217433934,3.45179639714131,0.00055686776017758,0.0320239754129644
"209504_s_at",5.18743449135321,-0.741359818880394,0.138286535901296,-5.36104121813818,8.27436335800193e-08,1.70746469838894e-05
"209505_at",6.8767203821244,0.755397663272414,0.121724320447187,6.20580719199958,5.44168619599939e-10,1.7437286156839e-07
"209506_s_at",5.23757288434493,0.447445140765073,0.135140386048743,3.31096538827177,0.000929747076887696,0.047529249401364
"209522_s_at",9.24769824496376,0.358113893401372,0.101828920355315,3.51681911338931,0.000436751309777368,0.0264425746905763
"209535_s_at",3.52565172035966,-0.692627964250306,0.168101055421718,-4.12030705287779,3.78367813907501e-05,0.00358840883979509
"209602_s_at",8.67918552850474,0.549769291056906,0.11140588685565,4.93483160157639,8.0219943834209e-07,0.000128007646408158
"209603_at",7.6653113637868,0.58127859217932,0.122514092293869,4.74458555171786,2.08933664092201e-06,0.000303871270720665
"209604_s_at",11.9908810840977,0.360330231836301,0.092150347617318,3.91024278424516,9.22033984901854e-05,0.00744693595920526
"209616_s_at",5.31669875533193,0.5202038338144,0.13590300786472,3.82775806060319,0.000129315773686785,0.00980163827709794
"209641_s_at",3.95359201606442,0.999016830641165,0.158166110418772,6.31625085801311,2.67984918782767e-10,9.26522595517893e-08
"209644_x_at",8.45348784292215,-0.369400789652265,0.105516617881188,-3.50087784341431,0.000463728352085561,0.0278194661630142
"209686_at",4.08881778202431,-0.734946639226643,0.162019937577114,-4.5361493790037,5.72906090034172e-06,0.000716841924844663
"209696_at",6.34235016504382,0.772106266189064,0.129778356544894,5.94942243641352,2.6909032020307e-09,7.46896188766466e-07
"209747_at",5.75075016112665,0.501918610090913,0.133797097043403,3.75134155510186,0.000175890893342399,0.0129580629349482
"209757_s_at",4.65785427934023,0.566044025975934,0.134125730045592,4.22024935695429,2.44032241172955e-05,0.00245364457999767
"209792_s_at",4.14496876518184,-1.1788408123754,0.175131763494086,-6.73116508882303,1.68309864842906e-11,6.83893300300854e-09
"209800_at",5.11351560677995,-0.610950501108453,0.137908619791392,-4.43011105493341,9.41845729960162e-06,0.00109182081178382
"209832_s_at",3.47997644887254,-0.577424296061166,0.167227997315245,-3.45291640952114,0.000554560820415574,0.0320233819039348
"209834_at",3.10865624531138,-0.772545100137794,0.18716607436723,-4.12759151331035,3.6658256170396e-05,0.00348997224323668
"209842_at",4.69172201445753,-1.11193135527258,0.155158613517169,-7.16641719120248,7.69859303371805e-13,3.94067981598654e-10
"209900_s_at",5.88472578016679,-0.451587209945963,0.129758924741453,-3.48020154178804,0.000501036720420856,0.0295626666147719
"210013_at",4.48891318554848,0.580838637237566,0.146420600407749,3.96691883259637,7.2807773929983e-05,0.00601602851504476
"210021_s_at",4.29732951882708,0.511387397491308,0.153719255122864,3.32676213583374,0.000878613376228641,0.0455653521193101
"210029_at",5.70598080648091,-0.432084513768327,0.129717255086159,-3.33097176224809,0.000865433808988,0.0451193229463664
"210056_at",4.35950930804921,0.70925516605566,0.149546912434595,4.74269347664302,2.10895250523196e-06,0.00030559652221034
"210073_at",5.19822775188553,-0.60027135933471,0.135879672769703,-4.41766856733668,9.97712536693245e-06,0.00114313493957057
"210130_s_at",6.70750087475606,0.549298479683869,0.12081028256135,4.54678582019641,5.44713798386779e-06,0.000690332786161302
"210145_at",4.01037617982991,-0.628281574902273,0.154951167549056,-4.05470694309783,5.01971943766926e-05,0.00449652777082492
"210147_at",5.01246990119036,-0.798143427860278,0.141879456420756,-5.62550384668318,1.84967284181888e-08,4.52813698058693e-06
"210319_x_at",4.97872285053767,0.510370569393032,0.147497412761253,3.46020014750458,0.000539774022499766,0.0314713806550381
"210347_s_at",5.80099920444072,-0.507448327509393,0.124237257937641,-4.08451004097418,4.41699165699618e-05,0.00405407980704001
"210567_s_at",3.93628803920932,-0.524959785724415,0.154460018507864,-3.39867747521787,0.000677125149986117,0.0374308704930614
"210663_s_at",5.19889560460113,0.540800197315067,0.126148384421645,4.28701643540253,1.8108889981749e-05,0.00190732226267548
"210683_at",2.95102329881889,-0.835061501412921,0.181319482691272,-4.60547035000512,4.115346218515e-06,0.000544302872001846
"210735_s_at",5.73984743834929,0.919911937747605,0.153390080647052,5.99720616787672,2.00741138712801e-09,5.73334147914952e-07
"210761_s_at",7.7163361529626,0.903473880747093,0.106406841907952,8.49074988550692,2.0530799745914e-17,1.92666890758442e-14
"210791_s_at",4.17910254710638,0.700763758422111,0.152185360190693,4.60467260151722,4.13115263846458e-06,0.000544566053820879
"210904_s_at",6.82093362606759,0.38508488603704,0.115786391359762,3.3258216403043,0.000881583213175629,0.0455993710815016
"210930_s_at",4.7539647915392,1.64517679078538,0.142644659993642,11.5333920727121,8.95446500047288e-31,7.60730567547629e-27
"211110_s_at",5.94244608017014,1.44800644554056,0.146401542272032,9.89065021494099,4.57049570804651e-23,1.05965598727615e-19
"211138_s_at",4.44983328371903,0.839338578320841,0.137337862049677,6.11148714414412,9.87069552248844e-10,2.9926430255643e-07
"211343_s_at",4.03268554136189,0.532653094852855,0.151186680405963,3.52314829204919,0.00042645268079099,0.0260741802222578
"211401_s_at",3.55948837309313,-0.620568413332715,0.174075614370818,-3.56493593646479,0.000363945073307325,0.0229145864526117
"211421_s_at",5.11997111903797,0.781334199601994,0.148363933285733,5.26633516851586,1.39174090967197e-07,2.61209886732433e-05
"211519_s_at",5.24844911294104,-0.437622301623762,0.128960809738595,-3.39345187511482,0.000690176843747036,0.0377814307214523
"211597_s_at",7.00168742189603,0.377070828874818,0.113367858361892,3.32608231577537,0.000880759137881152,0.0455993710815016
"211612_s_at",6.56738382350938,0.408482014993543,0.117754893890219,3.46891752434819,0.000522559847468483,0.0306035272334662
"211621_at",4.03841137288498,1.19825911756185,0.172130390329967,6.96134549666004,3.37038062001124e-12,1.45978221711124e-09
"211657_at",5.62677550361759,1.51615330490806,0.156639752879474,9.679237084054,3.69462642326272e-22,7.66421083402509e-19
"211682_x_at",2.97385440382666,1.66959653911634,0.239204326794647,6.9797923870736,2.95616588012803e-12,1.33924508045248e-09
"211708_s_at",5.58102290254957,0.442902714796226,0.127662360812222,3.46932887640773,0.00052176033225981,0.0306021752019169
"211726_s_at",5.81255590079509,-0.449599751175469,0.132919976247535,-3.38248443814182,0.000718333476076218,0.0388906533325111
"211767_at",3.09755482897192,-0.558047973666626,0.167416534467098,-3.33329067790671,0.000858252248885033,0.0448635996519293
"211828_s_at",4.20171158206323,0.741789493200581,0.150291996850982,4.93565531593862,7.98820794461944e-07,0.000127986678020012
"212173_at",4.52780845819479,-0.485436997067056,0.145117422201875,-3.34513244310362,0.000822432871501583,0.0432781965251848
"212218_s_at",8.45901144749481,0.355176577156449,0.106880055560501,3.32313241505937,0.000890126504552275,0.0459809253609743
"212256_at",7.00065455724391,0.699902228745479,0.122196981759467,5.72765561528492,1.01828016582594e-08,2.572724003581e-06
"212310_at",6.06579658946802,0.437488631430533,0.126400486571604,3.46113091251989,0.000537911162514347,0.0314417549252822
"212444_at",8.2285437063577,0.471557116460575,0.110689640383886,4.26017389545359,2.04267915013623e-05,0.00210209284656578
"212458_at",6.86569422890225,0.63166162826875,0.11866973703298,5.32285352661736,1.02151997239027e-07,2.0437658980604e-05
"212510_at",7.24266202692458,0.495947300022727,0.118824754600273,4.1737708753626,2.99599069227683e-05,0.00293741236680097
"212730_at",8.24532664661354,-0.554870529019777,0.110514342131595,-5.0208010862433,5.14564247958919e-07,8.55739884770162e-05
"212771_at",7.95794592837439,-0.52011144550244,0.109993457750322,-4.72856709971841,2.26109902335399e-06,0.00032172908630496
"212816_s_at",5.28231505998747,-0.476804562244561,0.133791249418819,-3.56379482451782,0.000365531711538142,0.0229777781157326
"213043_s_at",7.86817277093201,0.395074144083502,0.108216764534777,3.65076654972936,0.000261458809133072,0.017571385380238
"213059_at",6.65161769425209,0.510069457750726,0.119010277144924,4.28592782058302,1.81978070832152e-05,0.00190757544781341
"213060_s_at",4.83827894914301,-0.905844670787019,0.154334862957967,-5.86934574227553,4.37518206934063e-09,1.16515828433102e-06
"213107_at",4.29728045635569,0.812915201936285,0.151418992728381,5.36864753416048,7.93292821946109e-08,1.66312996192468e-05
"213109_at",2.96245763839172,0.698049672668031,0.176423656001153,3.95666708473306,7.60027345752261e-05,0.00624077454280825
"213110_s_at",7.84527794622948,0.419642439673242,0.116386886217063,3.60558180833709,0.000311454352436696,0.0203239434551986
"213172_at",3.32291860768232,0.589650544093559,0.169249774991732,3.48390740325866,0.00049415041743126,0.0292000667955558
"213256_at",4.18477819514101,-0.536729323245602,0.158007649452357,-3.39685657691807,0.000681646836071666,0.0375229446884478
"213260_at",6.33546687016125,-0.673175309540369,0.124841638866111,-5.39223383844173,6.95871287703645e-08,1.49874704554926e-05
"213338_at",8.08782473557597,-0.418940583974614,0.107662042997003,-3.89125612251549,9.97265942257606e-05,0.00794681286934895
"213385_at",2.7486066841896,0.713043653426446,0.190758988321047,3.73792951882506,0.000185541940354758,0.0134925277438052
"213441_x_at",7.44544306715509,0.539936291199749,0.114742136687099,4.70564961390036,2.53058834633741e-06,0.000348743388400499
"213456_at",3.28351429758951,-0.780005150797445,0.17860460863283,-4.36721737903726,1.25839469884807e-05,0.00140108386046321
"213492_at",4.10638126317404,-0.640668275262877,0.188595245667343,-3.3970542205127,0.000681154689621746,0.0375229446884478
"213547_at",4.94485521034415,-0.585995682989694,0.144113924300632,-4.06619752972145,4.77864366931728e-05,0.00430996479593756
"213557_at",5.47475288936669,0.679117879734774,0.1338753424739,5.07276296878325,3.92080759643048e-07,6.68981431193555e-05
"213664_at",6.01551928934306,0.646768476469285,0.133002042398882,4.86284619998227,1.15709754173262e-06,0.0001781478223041
"213680_at",5.26620283688565,-0.820924256051277,0.183127243060609,-4.48280792268346,7.36672322439681e-06,0.000882528964031537
"213707_s_at",3.57076366463833,-0.558043574936486,0.166239422943269,-3.3568666508601,0.000788311226093796,0.0419871603584607
"213765_at",7.18767732458978,0.422165041804624,0.114900424369765,3.67418174580489,0.000238612849872655,0.0163559771563145
"213885_at",4.87725501241842,0.509492504459544,0.142751312132707,3.56909156804037,0.000358221214307797,0.0226264918921915
"213906_at",7.92406626003339,-0.656938105078477,0.113474191922952,-5.78931732357727,7.06730715083643e-09,1.84470757644415e-06
"213912_at",2.69789529266157,1.23608178854079,0.200314344330677,6.17071030370286,6.79838837290877e-10,2.14361343463861e-07
"213913_s_at",4.25236888340256,0.79140168509568,0.150908111635225,5.24426206464406,1.56909046480576e-07,2.87647123627229e-05
"214079_at",4.70306882398301,1.44486737583585,0.215377253216153,6.70854212438942,1.96578426100686e-11,7.90606335340043e-09
"214133_at",2.70317868224259,0.690034716062481,0.182297390768227,3.78521444083526,0.000153576092156852,0.0114641062429359
"214164_x_at",6.83763331464858,0.577735488650742,0.132452568324629,4.36182926430515,1.28979506598193e-05,0.00143199951353836
"214203_s_at",5.11980887962709,0.679402637583479,0.133275303920729,5.09773842262318,3.43735344176977e-07,5.94209862078568e-05
"214240_at",4.29116192318132,-0.726439318434597,0.146183858802762,-4.96935382869282,6.71763890148308e-07,0.000110320424859606
"214243_s_at",5.57595521707385,1.25316213616987,0.14035733665648,8.92836930382158,4.32334278199784e-19,4.73333978915731e-16
"214279_s_at",5.00778423441105,-0.652048493658723,0.142549614039979,-4.57418631435826,4.78074277181792e-06,0.000613772624131699
"214295_at",8.74132789728124,0.415981658072126,0.104534300368934,3.97937955870941,6.90953533771644e-05,0.00579271355296005
"214297_at",2.72601899167718,-0.638558518044396,0.193464313504942,-3.30065274817769,0.000964601897760239,0.0486637407293502
"214404_x_at",6.83725159616805,0.788398735289353,0.121278385209262,6.50073575706829,7.99281205240408e-11,2.97196881352315e-08
"214428_x_at",8.80314953575899,0.359928763859268,0.10812145841607,3.32892997497498,0.000871803206121872,0.0453129338032341
"214440_at",8.40345440856479,0.451275776449518,0.115766929297025,3.89814067963807,9.69341008075198e-05,0.0077672257833446
"214451_at",6.05506784856337,1.60747085138447,0.17257876646551,9.31441847862392,1.22622400699381e-20,1.858861269679e-17
"214746_s_at",4.92797483788219,0.561535566975945,0.140579039356031,3.99444731980133,6.48453368202949e-05,0.00553206516327945
"214769_at",3.28327636556577,-0.747984724585196,0.18085553825618,-4.13581321201059,3.53699815425876e-05,0.00338367100126104
"214774_x_at",6.13431882833509,1.25686546248963,0.131324060209032,9.5707173574214,1.06166447155606e-21,2.09222217409553e-18
"214797_s_at",5.27684652972189,-0.443337551948761,0.134685836799426,-3.29164196090624,0.000996043315269181,0.0498198619644918
"214838_at",4.70826811989034,-0.464405531495895,0.140925150369502,-3.29540561268331,0.000982797125127561,0.0494081197573695
"214844_s_at",3.17109989531294,-0.794287286660102,0.185852518269879,-4.27375046652155,1.9221214202963e-05,0.00199364456998837
"214858_at",3.70083551162447,0.999197936609395,0.182445370804409,5.47669657061669,4.33339344284329e-08,9.59530163799019e-06
"214877_at",5.36144605657517,-0.504060230264715,0.135360621060284,-3.72383213312999,0.000196221423146382,0.0141129035983421
"214974_x_at",3.78997419278706,-0.684626564135254,0.167823019877593,-4.07945563507681,4.51412834655896e-05,0.00412807087357946
"215033_at",4.61299785478186,-0.597766582119154,0.148264667663047,-4.03175342811725,5.53622544513924e-05,0.00490347842010602
"215078_at",3.19920334986153,-0.594047400833227,0.179040789891197,-3.3179444817811,0.000906825069454596,0.046660056511075
"215108_x_at",5.52589885351345,1.26755405826972,0.138674604970621,9.14049157405756,6.21690865947611e-20,8.16777459681972e-17
"215145_s_at",4.52832982455502,0.890382619996492,0.142234716301095,6.2599528663006,3.85093846541656e-10,1.27546965273889e-07
"215304_at",5.82952339368747,0.667559044123483,0.146199116759209,4.56609491850049,4.96893841620036e-06,0.000633804979728547
"215465_at",3.59332942568274,1.08740178634857,0.165308772229847,6.57800412936725,4.76804991127018e-11,1.80699922310387e-08
"215501_s_at",6.51054007681866,0.420735303756256,0.11887090466996,3.53943048489798,0.00040099136438601,0.024850115779733
"215659_at",3.1490225145864,1.53996153726132,0.18014347113738,8.54852816778976,1.24668040467963e-17,1.19845515780593e-14
"215729_s_at",6.82582275767404,-0.512523578455228,0.117152182018945,-4.37485302981678,1.21514319997614e-05,0.00136449156934073
"215867_x_at",6.92792264742747,0.600277682191821,0.132050437410354,4.54582123288562,5.47214676888392e-06,0.000691279463938432
"215945_s_at",5.81203014528989,-0.463615264607803,0.128400651456808,-3.6106924641559,0.000305380591877315,0.0200604510804208
"216005_at",3.16001533694052,0.807603780298,0.170415341590114,4.73903213620558,2.14741449389771e-06,0.000310030017811298
"216006_at",6.99545162554405,0.395202290064608,0.114952264578823,3.43796872130011,0.000586095394940656,0.0330064035028681
"216092_s_at",7.7217998886362,0.433210380601072,0.115745693228263,3.74277753684308,0.000181997343765377,0.0133001782120994
"216176_at",4.88336800945129,0.575013537003969,0.141217172838675,4.07183861173071,4.66434938060616e-05,0.00423596005730902
"216474_x_at",6.46087410967754,0.557342741901313,0.130021308859322,4.2865492340516,1.81469997590528e-05,0.00190732226267548
"216604_s_at",6.07729428859063,0.44758339948116,0.127155712135685,3.51996298053488,0.00043160703475565,0.0262384341010503
"216623_x_at",5.8415274005112,1.24595914279224,0.133110824962743,9.36031418286966,7.94999361052884e-21,1.32033755055892e-17
"216836_s_at",11.3320832475381,0.643426361243963,0.0898071436016038,7.16453430584861,7.80514217558174e-13,3.94399838087665e-10
"217276_x_at",4.97350435192157,1.1800948915962,0.145579865475341,8.10616830660615,5.22410680214489e-16,4.20210092856609e-13
"217284_x_at",4.27516565586567,1.39458582826749,0.162267578886755,8.59435900772737,8.37308653129918e-18,8.68465348801647e-15
"217388_s_at",6.76475924914815,0.406116337339545,0.110235027861574,3.68409520292878,0.000229516452502599,0.015927480376444
"217428_s_at",9.68879008699591,0.398574948677485,0.0975266101578902,4.08683279396479,4.37302043869624e-05,0.00402706139184051
"217528_at",4.64100373672205,1.37497915977729,0.151582105394874,9.07085408396619,1.18087700323227e-19,1.45447144391864e-16
"217562_at",2.66983064252137,0.656428335540908,0.182611419642809,3.59467297732471,0.000324799292029969,0.0210900153147762
"217889_s_at",6.52763838487358,0.470503198351524,0.123889425778997,3.79776720566,0.000146005348084137,0.0109821656286034
"218211_s_at",7.90738712136861,1.34089975877368,0.126005275279316,10.6416160418785,1.90791147532849e-26,7.51984228885971e-23
"218309_at",8.56593512590342,0.567496523702823,0.109161261753258,5.19869882949466,2.0068838058517e-07,3.61184101935337e-05
"218313_s_at",9.31540747169992,0.376648498149684,0.101093980959776,3.7257262457549,0.000194753679476995,0.014032946111346
"218468_s_at",7.21031862910709,0.4271348013293,0.111332789367222,3.83655887683216,0.000124770293843659,0.0095861527515672
"218546_at",6.24044885787346,0.621471542254155,0.125790963043353,4.94051024984972,7.7918396465066e-07,0.000126325062418044
"218665_at",6.42029198116817,0.415496217196017,0.122730306314667,3.38544105097179,0.0007106397122838,0.0385270338651357
"218772_x_at",4.4038848564687,-0.546493090194803,0.155121674625744,-3.52299632861304,0.000426697271105605,0.0260741802222578
"218776_s_at",6.5161345453812,0.44532076060652,0.123215603193737,3.61415883267904,0.000301324305226002,0.0198601942578221
"218779_x_at",5.64891085398744,0.467149938924572,0.131706492410657,3.54690137421632,0.000389790483363725,0.0242704614712446
"218796_at",5.91861161663097,-0.536470670685225,0.128473015353174,-4.17574592773791,2.97011179540397e-05,0.0029250368391138
"218800_at",3.2608573118445,0.687438908949019,0.163955219171856,4.19284553685633,2.75477023030403e-05,0.00274183115801018
"218820_at",4.31997737483501,0.743373359019349,0.162062871327079,4.58694427003615,4.49780681609873e-06,0.000583146571874063
"218885_s_at",3.64378046228028,0.548706850202361,0.154015559248917,3.56267154356496,0.000367099871611712,0.0230029798723434
"218918_at",4.81585836348215,0.556197216893432,0.142684816557606,3.8980827134391,9.69573016036318e-05,0.0077672257833446
"218931_at",6.11066429243604,0.445517589009364,0.129517776489294,3.43981807814768,0.000582105322084404,0.0330027691812902
"218959_at",6.21198575707927,0.431598195720548,0.123173939060577,3.50397331620846,0.000458371285166592,0.027540008892616
"218963_s_at",8.71322818040372,-0.578809695619802,0.111740710987128,-5.17993567882771,2.21962421974956e-07,3.97655768169133e-05
"218976_at",6.86588910708017,0.689353251881935,0.13100589616491,5.26200172711447,1.42495427889401e-07,2.6617605662715e-05
"218978_s_at",2.95714329727268,-0.828966940096251,0.179425508732799,-4.62011754042594,3.83522707910338e-06,0.000512412339307731
"219033_at",6.11661297071693,0.412921895576621,0.121592765132046,3.39594132206962,0.000683930197464602,0.0375961294321755
"219127_at",5.75624950120243,0.720949449756413,0.131080893823306,5.50003458725445,3.79716757117117e-08,8.55208929429374e-06
"219182_at",4.97309595246917,-0.481190944935458,0.143813753282148,-3.34593134490698,0.000820066979472141,0.0432113902792981
"219225_at",3.36225988952815,-0.655430565647457,0.176167675215213,-3.72049279101151,0.000198834418005219,0.0142488359113776
"219232_s_at",4.70856426070042,0.557600825741875,0.139504080955089,3.99702160628109,6.41444483393898e-05,0.00550803766197976
"219233_s_at",6.75889791685901,0.62408365252401,0.113948028852885,5.47691486028026,4.32805327726166e-08,9.59530163799019e-06
"219295_s_at",4.74198440363213,-0.75644951827908,0.153133728114074,-4.93979691864862,7.82039763282154e-07,0.000126325062418044
"219300_s_at",5.51396383626805,1.04663525772645,0.1334734386945,7.84152463563955,4.4510857691845e-15,3.02474300873513e-12
"219301_s_at",5.64307020373518,0.479943923666565,0.126792868106946,3.7852596193482,0.000153548193575586,0.0114641062429359
"219327_s_at",5.31642747001211,0.722112597983884,0.135983636205824,5.31029040061039,1.09450693963571e-07,2.13558893657434e-05
"219415_at",2.88934723050359,-1.04738527040976,0.192588857982716,-5.43845205470691,5.37454682238295e-08,1.16391422229341e-05
"219429_at",3.36232454595569,0.69999074636442,0.164092873166786,4.26582052502025,1.99168845590332e-05,0.00206037818375258
"219476_at",6.26227607512126,-0.449461805648406,0.128993259964154,-3.48438209696621,0.000493274736771433,0.0291920878004643
"219497_s_at",5.73925994121271,-0.691501871167091,0.123354690581386,-5.6058011893018,2.07293800917011e-08,5.01770137118844e-06
"219498_s_at",6.31345203836467,-0.53274178474852,0.120280405017191,-4.42916520502554,9.45985401485185e-06,0.00109340377167557
"219562_at",4.23550604046592,0.778346982250664,0.163966556869535,4.7469861971303,2.06470035943512e-06,0.000302260391591204
"219572_at",6.92765537675906,0.612170821041015,0.118339418630692,5.17300852179652,2.30354503338137e-07,4.1082318527463e-05
"219580_s_at",5.39541841800567,1.57782905998736,0.154731116776116,10.1972317712303,2.04004266632342e-24,6.18509551157471e-21
"219615_s_at",6.24009572336907,-0.551579669170528,0.124279220895805,-4.43822921639468,9.07019993425585e-06,0.00105455121005534
"219616_at",4.02719210774615,0.791721636530647,0.155442367976244,5.09334518534639,3.51800334561733e-07,6.05495999406818e-05
"219654_at",5.10195369709988,-0.612587160151125,0.141878585750876,-4.31768583616111,1.57673639794464e-05,0.00168873609751603
"219684_at",6.80380448151461,-0.393021517454445,0.118616841522739,-3.31337028038384,0.000921788553406504,0.0473064766197447
"219734_at",5.62717383899896,1.19392009345559,0.139476873260821,8.55998607900373,1.12881150758826e-17,1.14079427589958e-14
"219735_s_at",3.32291523025832,-1.1379332018683,0.183062022380288,-6.21610745403208,5.09639103801214e-10,1.64646849485419e-07
"219736_at",3.50304497245017,0.776669645727588,0.17344594029228,4.47787733987198,7.53888949116614e-06,0.000897697251978315
"219740_at",4.28584542571183,-0.683111818956427,0.151929225890942,-4.4962502438259,6.91623328085574e-06,0.000843951760159901
"219785_s_at",3.69972013052005,-0.804846241633393,0.167152258454061,-4.81504856157593,1.4716409771011e-06,0.000219709308604025
"219789_at",4.19006833874961,-0.587337774312144,0.158291392031405,-3.71048461179505,0.000206862871364257,0.0147437490270358
"219863_at",8.54346853093003,-0.366546652524853,0.106527512945307,-3.44086370169034,0.000579860547519674,0.0329317343226807
"219882_at",3.34532943074963,0.678145969049314,0.16361958294839,4.14465039470989,3.40332534798139e-05,0.00328771238395438
"219928_s_at",4.24091028228339,-0.568668575454446,0.157676936683384,-3.60654251291255,0.000310304039638449,0.0203161518576575
"219956_at",7.54195538256158,0.659285671421771,0.114004229412132,5.78299309439139,7.33830766517069e-09,1.90284248891472e-06
"219959_at",5.86818435779118,-0.433114048468454,0.129693212134347,-3.33952749986482,0.000839210415919686,0.043984892730131
"220149_at",3.65528447795077,0.626134111919132,0.154195342397224,4.06065515459047,4.89352047271443e-05,0.00439346733283751
"220173_at",5.33384438775697,0.617933308681049,0.14288081601936,4.32481648619169,1.52658892345976e-05,0.00164127305928649
"220177_s_at",6.53303841874186,-0.586940119058394,0.132066535220915,-4.44427589530223,8.81883777144194e-06,0.00103141148938757
"220192_x_at",5.94764850029719,1.27687421849408,0.137754714908925,9.26918704262337,1.8757006547883e-20,2.64031662885093e-17
"220196_at",4.36488333296859,-0.622342985162282,0.145374064116221,-4.2809767268028,1.86074819149153e-05,0.00194534560263785
"220233_at",4.78684068130544,-0.489836310322595,0.146115786865052,-3.35238457686296,0.000801186412047196,0.0423865251603063
"220296_at",6.34163761161929,0.474808567425021,0.125788539856101,3.77465680075618,0.000160228100169321,0.011893089152681
"220425_x_at",4.13987548731457,-1.4851862198071,0.173640612105541,-8.55321921408789,1.19702255082311e-17,1.17948617045355e-14
"220432_s_at",3.7679246903823,-0.570657472612876,0.159767677199869,-3.57179551342531,0.000354542196095079,0.0224661191589895
"220559_at",5.58723230016673,-1.02877401423944,0.134460321956525,-7.65113454489627,1.99213767565196e-14,1.30863523913577e-11
"220613_s_at",3.852720575858,0.833396776421358,0.163295511477946,5.10361104771647,3.33232821157836e-07,5.81152142173228e-05
"220624_s_at",3.47537868089833,-1.3637373227384,0.183507022987526,-7.43152660065276,1.07351407090734e-13,6.50945901396031e-11
"220625_s_at",6.81504174575828,-0.782989960064903,0.121648990801129,-6.4364690155542,1.22284783557797e-10,4.50442285901589e-08
"220658_s_at",4.46589469299546,-0.679412839549342,0.147660265866288,-4.6011893285129,4.20085366508008e-06,0.000551203666045462
"220941_s_at",4.91059513210546,-0.530683996338568,0.141800554661201,-3.74246770477389,0.000182221957541322,0.0133001782120994
"221016_s_at",6.79209947984068,-0.62003142791291,0.120144628420742,-5.16070868971009,2.46016745580744e-07,4.34820807637643e-05
"221024_s_at",7.91393003524776,0.58726196229052,0.109351747489051,5.37039394225794,7.85648275436479e-08,1.65986707482132e-05
"221185_s_at",5.8804713931556,-0.623467661370018,0.128045217880163,-4.86912101593297,1.12095746795139e-06,0.000173942589141086
"221276_s_at",5.06329479910923,0.47567720222121,0.142877399694414,3.32926833242058,0.000870744697479891,0.0453129338032341
"221489_s_at",4.41588584869866,0.646567928768307,0.141542869798021,4.56800070318589,4.92398381180683e-06,0.000630110058306995
"221523_s_at",5.66009424128733,-0.466570400867818,0.130611064125144,-3.57221192548265,0.000353978771213412,0.0224661191589895
"221563_at",7.89599568627813,0.420930988974704,0.10887604349111,3.86614883749953,0.000110567476141185,0.00859547634049043
"221577_x_at",4.53893500364751,0.604719316707795,0.162038161773309,3.73195616446079,0.000189998570034987,0.0137153912808773
"221584_s_at",7.31632940804738,0.464331395833986,0.116485096831694,3.98618714722697,6.71435593660225e-05,0.00564263592505844
"221591_s_at",4.34739681184811,-0.486463462781038,0.141434282330961,-3.43950175843998,0.000582785998634445,0.0330027691812902
"221795_at",3.80163960150799,-0.900931097169111,0.187536123626532,-4.80404030832623,1.55495504367775e-06,0.000230402248464341
"221796_at",3.72276338451541,-0.892492833894007,0.189304989554381,-4.71457638805459,2.42214125713246e-06,0.000338760350403813
"221811_at",7.32726316385652,0.763645332163386,0.113213358187228,6.74518753255688,1.52829498888716e-11,6.27460611374986e-09
"221854_at",4.24605395306124,-0.877487972949256,0.155859386899367,-5.62999759209768,1.80212137479879e-08,4.43930074164497e-06
"221874_at",4.38217887212934,1.13178996858115,0.166705754218636,6.78914758453268,1.12798007635335e-11,4.72959646057349e-09
"221880_s_at",5.97008396237102,0.451380713130362,0.129253595444777,3.49221011281821,0.000479041260726343,0.0286508835360669
"222062_at",6.35820860658824,-0.623349490159176,0.125138013323904,-4.98129603948333,6.31598306398068e-07,0.000104595864068796
"222456_s_at",3.39047092932538,0.58709975929475,0.174861489063082,3.35751320911462,0.000786469855808123,0.0419457684666053
"222457_s_at",8.22265198231623,0.402573494885558,0.110204381838808,3.65297176181606,0.000259222747879453,0.0174948722344534
"222587_s_at",7.04590088786048,0.579162220732838,0.11484724896824,5.04289154451581,4.58549180267343e-07,7.7236142696825e-05
"222735_at",6.87035715203456,-0.528244179417389,0.124783841689947,-4.23327389398643,2.30313726606442e-05,0.00233958381970781
"222760_at",7.89058653601088,0.423573106914827,0.116342437623084,3.64074464630938,0.000271850655176132,0.0181298167903758
"222803_at",8.32983299750467,-0.493325544357661,0.109825539794621,-4.49190184068481,7.05899590450263e-06,0.000853150253722986
"222835_at",6.04877031731027,0.791997474357503,0.147337219565001,5.37540668064595,7.64100190484973e-08,1.63675244063993e-05
"222853_at",3.33409212054722,0.925644553266315,0.215137242740693,4.30257700375014,1.6882296827665e-05,0.0017935278899342
"222880_at",2.6414306879647,-0.713999024328713,0.196944338191762,-3.62538487211297,0.000288531417447801,0.0190808343746437
"222891_s_at",6.6179270364835,-0.611376186010305,0.114823979045941,-5.32446437660631,1.01250941511011e-07,2.0437658980604e-05
"222904_s_at",4.43261134831213,1.26506770814443,0.157764326390916,8.01871840792317,1.06854151752093e-15,7.94631988142829e-13
"222931_s_at",5.11908392748819,-0.560128203686692,0.140453372112838,-3.9880011085579,6.66323524204176e-05,0.00561164003909902
"223044_at",10.6290107298868,0.350646235505981,0.0953961783196159,3.67568430604394,0.000237212714104246,0.0162883308601128
"223103_at",8.04283015715074,0.387546566476633,0.109754023884527,3.5310465417138,0.000413918909028964,0.0254909373132306
"223194_s_at",6.51074082821289,0.649517477340004,0.122527937289924,5.30097455083345,1.15186146300388e-07,2.22546410308013e-05
"223259_at",8.03725805995772,0.595220339155094,0.107141462794773,5.55546213042869,2.76878240309241e-08,6.45732483050202e-06
"223315_at",7.81107276464595,0.617024503521198,0.11860972986459,5.20214070317519,1.97005978847112e-07,3.56183194966976e-05
"223423_at",8.11097961704728,0.618379410845196,0.109337329153818,5.65570254579063,1.55210070400051e-08,3.84745265078466e-06
"223437_at",7.31001771061274,-0.412841705442621,0.114493708695833,-3.60580253836816,0.000311189705584998,0.0203239434551986
"223438_s_at",4.52239225003152,-0.584620401935072,0.14706581224449,-3.97522981726826,7.03113260344871e-05,0.00585888077023948
"223468_s_at",3.97060906890209,-1.00346992274477,0.163803127177694,-6.12607304899745,9.00744643615568e-10,2.75208909949333e-07
"223475_at",6.20682852244379,-0.725225086290515,0.137559482470479,-5.27208356171415,1.34883636084265e-07,2.54368594862451e-05
"223581_at",4.24117621247669,0.510443092630703,0.148463223620452,3.43817869626525,0.000585641086277112,0.0330064035028681
"223582_at",3.71174855795128,1.14202060802503,0.166881409043708,6.84330636090162,7.73859067824694e-12,3.27966465583252e-09
"223586_at",3.73381046248775,-0.630579295007624,0.163030686833816,-3.86785645852305,0.000109796261021596,0.00856932639981223
"223631_s_at",6.18360621542843,0.60990548245656,0.140555148753805,4.33926105065611,1.42962618189351e-05,0.00156956229340253
"223634_at",4.31416787919471,-0.607486466445718,0.14758929381816,-4.11606052668146,3.85403135697014e-05,0.00362536496190026
"223779_at",2.79870661753535,-0.733251048653836,0.193948544156663,-3.78064734562559,0.000156421111322911,0.0116324182673231
"223821_s_at",3.89720907861177,-0.537213583323277,0.160346591140294,-3.35032743448375,0.000807160849942274,0.0426453589003013
"223842_s_at",3.97624200417112,-0.618656814400039,0.159270057660504,-3.88432592721698,0.000102614179593726,0.00808887054901423
"223861_at",5.02378793127711,-1.40328998824539,0.149394168650098,-9.3932045736811,5.82019512369342e-21,1.09236747907263e-17
"223864_at",4.72041198527508,2.36004099602961,0.231990701291812,10.172998240395,2.6172588373549e-24,6.87710932103375e-21
"223949_at",5.75562230493832,-0.571161321490895,0.139484928227588,-4.09478879724532,4.22553404852588e-05,0.00393243935975707
"224146_s_at",4.0274503582356,1.61523135054789,0.173371449559203,9.31659367591734,1.20135256965495e-20,1.858861269679e-17
"224191_x_at",3.92587322036429,-1.41711206278043,0.176208438260814,-8.04224858223248,8.82047295846607e-16,6.68557925355734e-13
"224204_x_at",4.17307116541495,-0.718553757807197,0.155101990813282,-4.63278230046848,3.60783870202779e-06,0.000485322029357418
"224367_at",7.23131772342216,-0.393382920166177,0.119193021441203,-3.30038550419859,0.000965521014115589,0.0486637407293502
"224428_s_at",7.18045653897428,-0.398663163581991,0.107485010773972,-3.70901170973814,0.000208069806275758,0.0148030024269905
"224447_s_at",10.6165495645928,0.543900367425133,0.092024404631325,5.9103926790306,3.41293151811787e-09,9.21351252432175e-07
"224521_s_at",5.1474392248543,-0.508145992474625,0.136085222969723,-3.7340277025352,0.00018844175325035,0.0136530207033259
"224577_at",6.49942231057877,0.396408533185249,0.119334035081447,3.32183968232279,0.00089426059041805,0.0460737083800484
"224836_at",7.25397799554985,0.423260073187689,0.113349434878204,3.73411718940187,0.000188374772364814,0.0136530207033259
"224952_at",8.3693190835656,0.415665346613134,0.107122614358618,3.88027634595996,0.000104337849986888,0.00820832738399838
"224976_at",7.96418660625117,0.405133260572934,0.10917257756267,3.71094344035588,0.000206488240424326,0.0147437092537761
"224989_at",9.25393637217759,0.393734445144554,0.102780609260991,3.83082419899597,0.000127714734488272,0.00971766128401688
"225095_at",7.11914554388127,0.469064130598261,0.115927246629551,4.04619400732573,5.20570944868128e-05,0.00465255855352209
"225165_at",6.21839586426286,0.56828029496903,0.136870861250731,4.15194505080235,3.29661425807698e-05,0.00319405219623556
"225288_at",7.11943580125898,-0.624346966163301,0.117503357357779,-5.31343937911719,1.07575233400912e-07,2.109437934957e-05
"225292_at",5.63197900028099,-0.442976332234502,0.130663382246169,-3.39021020747755,0.000698390494693167,0.0380198383395531
"225293_at",9.23108207261896,-0.361420003532005,0.101788917733433,-3.55068126845105,0.000384235436073214,0.0240385007577614
"225421_at",8.177488915233,-0.443298059278924,0.106514822810685,-4.16184384089737,3.15688210505017e-05,0.00307983542793187
"225431_x_at",7.96892513631172,-0.373895464587286,0.108510235402744,-3.44571609488769,0.000569548385871728,0.0324395665906767
"225496_s_at",9.16376928288971,0.355086095126242,0.10285366432296,3.45234267989981,0.000555741442692733,0.0320233819039348
"225499_at",6.65153658747658,0.386322337561627,0.117264458470143,3.2944537722825,0.000986131634503102,0.0494633044950598
"225516_at",7.18686199353813,0.551232503250412,0.128900373897868,4.2764228417768,1.89920338911432e-05,0.00197940130479758
"225540_at",7.01700886684308,-0.484600128639982,0.121227734510978,-3.99743615266603,6.40322543355205e-05,0.00550803766197976
"225612_s_at",9.21378463685951,-0.410368455821632,0.0997892035584311,-4.11235325253742,3.91646416720069e-05,0.00367532187347734
"225660_at",3.04143989590695,-0.645849331202127,0.190629723391696,-3.38797811648224,0.00070409881775425,0.0382250011060138
"225911_at",8.47676704266644,0.451298118092282,0.110739160919304,4.07532542549372,4.59500430488467e-05,0.00418262123955483
"225915_at",4.32582475123642,0.618145454816647,0.153900081186719,4.01653754858441,5.90594575855567e-05,0.00514993243645383
"225968_at",4.44373039054356,0.755911398872464,0.159564766324129,4.73733278521498,2.16549404775766e-06,0.000310602131810359
"225981_at",5.01814148255264,1.02131554854346,0.145683418185028,7.0105133533201,2.37445277841763e-12,1.10101978598297e-09
"225987_at",5.55916289701994,0.733843842372508,0.148968111348117,4.92618074923177,8.38524364241189e-07,0.000133264513275009
"226029_at",4.80430934212672,-0.508217366783347,0.138598867554725,-3.6668219282721,0.000245583687188795,0.0167175050895668
"226034_at",6.26298453660401,0.873970181784523,0.130405464742271,6.70194445847655,2.05664214201961e-11,8.18792862480414e-09
"226122_at",4.13450886550392,-0.523164079187012,0.148423673863557,-3.52480211255211,0.000423799252013139,0.0260586953492135
"226189_at",9.2701963686189,-0.363246941070102,0.101341867621137,-3.58437188495565,0.000337890368006049,0.0217253033680104
"226192_at",7.55307238580848,1.45401191841979,0.130299525275425,11.158996284494,6.47181012404373e-29,3.18849905286324e-25
"226197_at",6.44908691990082,1.68988173760484,0.149095568751148,11.3342183926699,8.88214911080578e-30,5.00115750076142e-26
"226226_at",4.52825030902798,1.20192498045537,0.148864894607181,8.07393162522945,6.80700038526292e-16,5.36582226369506e-13
"226248_s_at",6.46658879022883,0.845150505855912,0.127758361092712,6.61522657795054,3.70983082981547e-11,1.46219272326347e-08
"226325_at",4.28017675262236,0.626137671015981,0.153307376335452,4.08419794260862,4.42293174259706e-05,0.00405407980704001
"226344_at",5.80680053689742,0.452315386361133,0.13664900481378,3.31005254650431,0.000932784582743769,0.0475541161954394
"226439_s_at",4.44946953353818,0.598182591448318,0.15469747686869,3.86678957896687,0.000110277500145996,0.00858987626631278
"226455_at",8.85389524873367,0.360818718853875,0.103424029141238,3.48873198858974,0.000485317485312438,0.0288469387449677
"226534_at",8.1493922950176,0.377764523282184,0.112572394242733,3.35574743544704,0.000791508165427543,0.042100543633146
"226535_at",8.2005623695623,0.471039429049413,0.106767689624081,4.41181625928125,1.02507087436651e-05,0.00116769200700236
"226575_at",7.72101920975708,-0.515642790131902,0.114228592736168,-4.51413063735168,6.35770203154271e-06,0.000780630741031851
"226597_at",4.70831590502869,1.15490851758157,0.163588486247992,7.05983987058103,1.66694584471574e-12,8.31658272450963e-10
"226661_at",6.56647200880343,-0.422665904193447,0.118192862904872,-3.5760696018814,0.000348798822470693,0.0221734786917095
"226677_at",6.79845269683385,-0.445423671697504,0.120967351568979,-3.68218090187344,0.000231247220882759,0.0159901367787247
"226806_s_at",7.99742339403311,0.381454699382162,0.11092825794826,3.43875137352364,0.000584403688996677,0.0330064035028681
"226844_at",5.94712484433452,-0.445630789131596,0.132264478083048,-3.36924014361427,0.000753757267361455,0.0405855040106344
"226863_at",6.46029244023455,0.888541028690428,0.126086688731376,7.04706450483002,1.82731624646746e-12,8.79970360828262e-10
"226907_at",5.00692085866512,-0.518046711533498,0.132384399712634,-3.9132005935595,9.10808127154466e-05,0.00737137402950023
"226913_s_at",3.73455213652358,-1.04058404360034,0.165392715352587,-6.29159537880496,3.14219651326521e-10,1.06764252908478e-07
"226933_s_at",4.08870719148497,-0.665104176082552,0.161774384975659,-4.11130709093794,3.93425510123512e-05,0.00368324775677152
"226960_at",4.74804403553536,0.726885574414906,0.135541559570684,5.36282433754821,8.19306743898839e-08,1.69958715810678e-05
"226961_at",5.80682106394284,1.3033035600657,0.140478149977976,9.27762474285169,1.73298646020006e-20,2.52977512378982e-17
"226992_at",3.63310477334797,1.33806624308961,0.202535198989967,6.60658616261511,3.93283414560863e-11,1.53473985163385e-08
"227061_at",6.77065912482919,0.46446574270381,0.126060211171776,3.68447536606856,0.000229174187448435,0.015927480376444
"227145_at",3.05256684361093,-1.01072396668398,0.195621646926858,-5.16672864461615,2.3822673288818e-07,4.22949029281745e-05
"227224_at",8.53812451864788,0.400525551493317,0.10915403596517,3.66936089858484,0.000243157602853018,0.0165809926623682
"227285_at",5.21533623901609,-0.612584377093392,0.14133769460026,-4.33418967831576,1.46297996527928e-05,0.00159286995446181
"227290_at",6.71370584746598,0.467281987631109,0.119712544215213,3.90336694198943,9.48637121938297e-05,0.00763052724981144
"227376_at",7.23152294917733,0.436443965020001,0.121824073318926,3.58257570223763,0.00034022297612109,0.0218396553433821
"227417_at",3.59907024348589,0.627651779339038,0.175442225737096,3.57754113470715,0.000346841649118238,0.0220846797388469
"227443_at",5.71640670222556,0.46570156143566,0.135460249487356,3.43792044675903,0.000586199889684063,0.0330064035028681
"227452_at",4.85447461454449,-0.491848274257248,0.137152534989218,-3.58614060101707,0.000335608057746033,0.0216846819475445
"227480_at",6.9105294790442,0.58963267405998,0.116425686266138,5.06445521576857,4.09569903216916e-07,6.95809834715152e-05
"227481_at",5.76145977056823,-0.585499282819221,0.127615557840879,-4.58799297456557,4.47527695555795e-06,0.000582140481605152
"227498_at",3.85265295559606,-0.634033960612601,0.162966504321865,-3.89057839370696,0.000100005561049299,0.00794681286934895
"227522_at",8.00912076532593,0.765550613871246,0.116573995626395,6.56707878766324,5.13119009386502e-11,1.92610215580568e-08
"227533_at",8.07065056000626,0.404524521268452,0.114125906500763,3.54454596394156,0.00039328992477616,0.0244319581223436
"227570_at",4.4607240125462,0.601881699058345,0.141733021808987,4.24658764327693,2.17050898770695e-05,0.00221055403724759
"227642_at",5.22063423241781,-1.16171400775378,0.149534313422633,-7.76887913659253,7.91836782285036e-15,5.28973812491227e-12
"227657_at",4.20692871464291,-0.865322449851061,0.158903604740374,-5.4455809939924,5.16365601144163e-08,1.12442175709923e-05
"227702_at",4.81005669186299,0.958655887007223,0.171454954335873,5.59129883834826,2.25377299354569e-08,5.35121739563915e-06
"227722_at",4.06648403796815,0.613595835572322,0.165939502651602,3.69770805484814,0.000217554890881464,0.0153944496754076
"227782_at",4.75923959358307,0.714132376773394,0.144997985340243,4.92511930491763,8.43088990975792e-07,0.00013345184534265
"227794_at",3.11475706362308,1.0809101534859,0.179350315757563,6.02680931405228,1.67228106531634e-09,4.88231747469468e-07
"227804_at",6.01492957216964,0.476529501229938,0.121307293055028,3.92828402339976,8.55541352302565e-05,0.00698142999164665
"227856_at",8.73516553397873,0.417091061872669,0.108690295639317,3.83742687807901,0.000124330238571561,0.00957100004503813
"227971_at",3.9818446698572,0.661218502852869,0.155580422983526,4.25001096007359,2.1376005574694e-05,0.00218267845523572
"227984_at",3.1201180115804,-1.04738333318343,0.190626309879849,-5.49443218957338,3.91969498655483e-08,8.77788967045863e-06
"227997_at",7.14143993077379,-0.597370024469706,0.121527669151015,-4.91550630932771,8.85532984163502e-07,0.000139177320425463
"228038_at",2.81041148880707,0.696617428304879,0.188756092329493,3.69056924048239,0.000223752770979205,0.0156642836862777
"228051_at",6.65188078433183,0.591523662274993,0.120342570859871,4.91533177368939,8.86322307474276e-07,0.000139177320425463
"228058_at",5.75085008439869,0.844917776761865,0.141486131229382,5.9717356706295,2.34742649577568e-09,6.60867627889303e-07
"228067_at",7.54703960771489,0.474118585593598,0.11449132637368,4.14108736976423,3.45663254029862e-05,0.00333104437514254
"228101_at",2.75406214731357,-0.658626772080332,0.195727053059636,-3.3650267644895,0.000765362344566502,0.0410980809928394
"228176_at",6.83200014447133,0.387354169926126,0.116991200857994,3.31096840690013,0.00092973704753995,0.047529249401364
"228214_at",4.81548511476085,-0.562959172525773,0.144166495923968,-3.90492374055253,9.42551027649064e-05,0.0075970769332843
"228241_at",6.20167916331901,0.908441185180842,0.163344041462138,5.56152019411993,2.67434725514697e-08,6.27420968537873e-06
"228245_s_at",7.50767660754799,-0.805947231093574,0.114841169449904,-7.01792950171185,2.25180104098213e-12,1.06930706300325e-09
"228256_s_at",5.09677583765732,1.0869789580467,0.151601339428469,7.16998254860127,7.50073274770753e-13,3.8899194805019e-10
"228260_at",5.50187919848795,-0.520919508855655,0.140828339029395,-3.69896792396964,0.000216477954133532,0.0153457951155019
"228268_at",4.33683866067641,-0.55240209089016,0.15836604192755,-3.48813472993709,0.000486402914459387,0.0288469387449677
"228302_x_at",3.95335862425945,1.30329157226198,0.175504872339998,7.4259566408913,1.11967675169797e-13,6.68650598354903e-11
"228303_at",6.46021459325367,0.784381378703739,0.127183364400964,6.16732685440576,6.9454097251794e-10,2.1725903087954e-07
"228390_at",7.46280205322176,0.402230905223307,0.118511232901663,3.39403190208193,0.000688716690507128,0.0377539355210681
"228528_at",5.19851185433575,0.63060360802697,0.149986476811139,4.20440309976091,2.61772053551977e-05,0.00262531392333273
"228557_at",3.70574180886615,-0.590814754317866,0.162834465773764,-3.62831512057602,0.000285276929190972,0.0188973191380386
"228565_at",5.85137147014203,-0.589784817884706,0.127602002640698,-4.62206552937437,3.79937948450429e-06,0.000509349465994055
"228640_at",7.25438992736336,0.48603259338079,0.12238867184171,3.97122205892873,7.1504889942537e-05,0.00593324996251611
"228648_at",3.93132094890989,0.600767792617218,0.173589550196802,3.46085229171984,0.000538468173100054,0.0314417549252822
"228695_at",3.63834849189575,-0.648444281683077,0.16837090958247,-3.85128454369643,0.00011749987903352,0.00909850733246988
"228708_at",9.67536922028457,0.541977437914075,0.103050249864326,5.25935103143984,1.44564688095564e-07,2.68767576254649e-05
"228731_at",4.99036909897334,1.02586546143026,0.141330506098907,7.25862724012554,3.91038445218449e-13,2.1112862027178e-10
"228762_at",6.38678370410757,0.659832819319473,0.124177681702421,5.31361843991171,1.07469528644829e-07,2.109437934957e-05
"228827_at",6.22936285347867,0.474003934921358,0.128393549453975,3.69180489936743,0.000222668250347902,0.0156439330110734
"228873_at",2.62487068290889,-0.765733789084351,0.191652829818472,-3.99542125106961,6.4579321133539e-05,0.00552132182897463
"228882_at",4.43266840109443,-0.675133643166848,0.150980231586816,-4.4716691454976,7.76114375545197e-06,0.000918611771703856
"228904_at",6.16162739275196,0.551232691969793,0.130559502946992,4.22208019736101,2.42057948033164e-05,0.0024400184050586
"228906_at",2.72024372821494,-0.764294526689809,0.19150721906298,-3.99094368572319,6.58109071061436e-05,0.00557136453874355
"228915_at",4.03866715954968,0.661270694778428,0.172883523094125,3.82494920825048,0.000130799049942205,0.00987607998931434
"228935_at",2.85563885017771,0.644039733514751,0.195014119554532,3.30252873477019,0.000958172702543358,0.0485416695347608
"228956_at",3.52032588035394,-1.50826151090827,0.179774709031336,-8.38973134227338,4.87254361265794e-17,4.32926931260906e-14
"228969_at",6.09988206884998,1.10412144678136,0.139184561649,7.9327867523538,2.14282200900198e-15,1.50816404755007e-12
"228977_at",7.17494200603714,-0.383251356669391,0.116090093539671,-3.30132696928548,0.00096228668885967,0.048625086608609
"229014_at",2.86098736102485,0.825775386797726,0.191778578448215,4.30587917315647,1.66323827678597e-05,0.00177175333624979
"229024_at",3.63239737239644,-1.14366883500391,0.179126883488693,-6.38468560793163,1.71749953787814e-10,6.21041530146138e-08
"229030_at",4.29794130894422,1.66755809255706,0.184736607551137,9.02667919835797,1.76960249112995e-19,2.05138566427635e-16
"229062_at",3.79030936139233,-0.845090934208936,0.160072972868051,-5.2794105030182,1.29600161238055e-07,2.46596458547105e-05
"229072_at",5.35642829191158,0.607513423552265,0.144872835547342,4.19342536685381,2.74773506238323e-05,0.00274175265186766
"229082_at",4.07223601814182,0.772781883599474,0.159639233635624,4.84080176282571,1.29316324274553e-06,0.000196790486677885
"229088_at",4.75936402931836,0.712571871753064,0.150421143844259,4.73717892007813,2.16713823128454e-06,0.000310602131810359
"229105_at",5.20923159496121,0.591103206353056,0.138239519154189,4.2759350580043,1.90336706378008e-05,0.00197940130479758
"229125_at",5.88571679124642,-0.639281599837834,0.137299312783261,-4.65611653021889,3.22229597423393e-06,0.000437943356994676
"229139_at",4.17312304149672,-0.756717228596106,0.156359958365509,-4.83958448509686,1.30110871983428e-06,0.000197238073398262
"229150_at",7.74444689420236,1.28195737581231,0.126008584339329,10.1735717652388,2.60188857870169e-24,6.87710932103375e-21
"229152_at",5.40137300217995,-1.29522704164465,0.162237034805323,-7.98354730286377,1.42186788768093e-15,1.01893638045557e-12
"229163_at",6.71296043005011,0.495944920205421,0.121649605018868,4.07683132327884,4.56535859610021e-05,0.00416525564135865
"229182_at",4.73620154059432,0.557350202741481,0.143479741697953,3.88452192724731,0.000102531439512756,0.00808887054901423
"229222_at",4.978905044503,0.666643859343594,0.141404687273991,4.71443961438053,2.42376868153132e-06,0.000338760350403813
"229254_at",4.15060015075532,-0.735753981398948,0.155496810577652,-4.7316339072532,2.22719819923101e-06,0.000318053586320619
"229256_at",6.15049953783137,0.434342613668302,0.11989854532167,3.62258451512505,0.0002916741173308,0.0192563545401611
"229310_at",3.27155600991048,-0.647634069878811,0.193531911883424,-3.34639421259333,0.000818699119702924,0.0431970643962129
"229341_at",6.09922487557961,-0.446048855161701,0.127219510306473,-3.50613560834471,0.000454663511649325,0.0273589429742695
"229430_at",4.52260233597214,-0.536895790109608,0.147073150128955,-3.65053573435296,0.000261693896031859,0.017571385380238
"229479_at",6.49497551703712,0.396080751573535,0.120238492619683,3.29412605683895,0.00098728211692596,0.0494633044950598
"229499_at",5.37297023330075,0.88061332239565,0.13355361100125,6.59370657067003,4.28979168578909e-11,1.64153251945331e-08
"229523_at",3.85799236691958,-0.823500595710618,0.161952275387656,-5.08483498450053,3.67945827521782e-07,6.30531167214936e-05
"229623_at",7.35610098912945,0.408483512142131,0.118310340989239,3.45264419599032,0.000555120690546969,0.0320233819039348
"229648_at",4.10583912226595,0.668645363998717,0.154335876586192,4.33240396717025,1.47490002335883e-05,0.00160142450470151
"229691_at",4.85486779595026,0.530378404441396,0.144137544018901,3.67966866683843,0.00023353718558025,0.016063934786143
"229849_at",4.06064374135489,-0.623701787146291,0.15607929402495,-3.99605720312005,6.44061775243337e-05,0.00551848930640019
"229893_at",6.33028590722794,-0.665094340596854,0.125672960482646,-5.29226285465516,1.2081207718579e-07,2.3227742488784e-05
"229927_at",3.58743683512647,-0.695192570205001,0.163391484616076,-4.25476622504843,2.09267538568857e-05,0.00214235604289686
"229930_at",5.9864230824443,-0.418745568720826,0.126030582163725,-3.32257108974423,0.000891919410103431,0.0460132351175611
"229947_at",4.59042235485917,-0.821347491398448,0.169287167972483,-4.85180005806437,1.22345932239739e-06,0.000186904750902988
"229964_at",5.22694623498243,1.54553101442807,0.150200417602544,10.2897917269299,7.83456505168081e-25,2.57326289122456e-21
"230060_at",3.17641306141457,-0.685805117407203,0.170914950879679,-4.0125519381274,6.00658576516761e-05,0.00522612740283258
"230147_at",6.47746066455033,0.562545354881945,0.129347440554818,4.34910310145283,1.36695439402416e-05,0.00150494805827006
"230323_s_at",3.84133973060365,1.4959508592401,0.165141203211814,9.05861668769215,1.32115337487311e-19,1.57793754900754e-16
"230378_at",3.51441450361634,0.63999444058852,0.182431834320436,3.50812917587832,0.000451269872795728,0.0271962549944508
"230425_at",2.78210854085735,-0.793574365086449,0.196974847270947,-4.0288106632968,5.60597440324655e-05,0.00493200614128481
"230472_at",5.82898101933235,-0.900954799923577,0.143236705422385,-6.28997153534622,3.17524188136375e-10,1.0696494317271e-07
"230492_s_at",5.84048655264405,0.451244515324549,0.122485094298389,3.68407697205392,0.000229532878008327,0.015927480376444
"230538_at",4.14553527295489,-0.863541231144732,0.156202130558496,-5.5283575714183,3.23242698243539e-08,7.45046064828704e-06
"230624_at",4.47167147223021,-0.530719601091794,0.155268978765372,-3.41806589643233,0.000630678354242106,0.035159203188258
"230645_at",5.44075121791682,-1.04215642773575,0.142006143921283,-7.33881224402125,2.15497665303335e-13,1.24906249709789e-10
"230661_at",2.8499503400867,1.24481902037305,0.198611441812876,6.26760980641722,3.66632078311993e-10,1.22461328259228e-07
"230682_x_at",5.67131236033183,0.577786184847023,0.128436097771145,4.49862768235574,6.83935151139949e-06,0.0008371621132618
"230748_at",6.89379987185203,0.490604837546831,0.126541315634532,3.87703284960116,0.000105738086568249,0.00828540943141341
"230788_at",8.20562945647605,-0.355760239512261,0.105919068553469,-3.35879312734579,0.000782836471714513,0.0418734136042462
"230906_at",6.38174732071687,0.728489622571668,0.123434139016937,5.90184877841381,3.5945056766034e-09,9.63767664881948e-07
"231136_at",4.24116760125796,-0.545186378470403,0.164741340851452,-3.30934770624455,0.000935136245386138,0.0475580128718055
"231240_at",6.01050369033779,0.505816704714417,0.124348757545101,4.06772624592537,4.74741069431506e-05,0.00429161571343427
"231283_at",5.56466682966568,0.441084931237583,0.128869075304377,3.42273683733495,0.00061994064873033,0.0347302649866632
"231535_x_at",4.65791549786811,-1.14431910316835,0.15173254815382,-7.54168513672022,4.63936825684447e-14,2.90247715040108e-11
"231802_at",2.57414908908068,0.668808823623932,0.202073402280003,3.30973208783409,0.000933853096241692,0.0475541161954394
"231851_at",5.85122959429976,-0.485044324059478,0.130617712632022,-3.71346515174363,0.00020444062739668,0.0146239979822373
"231856_at",7.18105745012427,0.487122194858879,0.115199588704934,4.22850637172472,2.35247855269874e-05,0.00237745101733508
"231859_at",3.74539784874425,0.69524770706558,0.174129657555266,3.9927012826343,6.53248407063478e-05,0.00556093579179264
"231969_at",5.4909145843748,-0.649246237615352,0.136123223736754,-4.76954791249228,1.84639824971862e-06,0.000271544554531379
"232078_at",4.51171864726481,0.577981323802065,0.150315070488864,3.84513224071491,0.000120487442824036,0.00929333086392675
"232151_at",4.46062120243511,0.509503905842006,0.145938215858035,3.49123019523302,0.000480801804545575,0.0286691714438113
"232230_at",2.73163348127083,0.638683735422493,0.183716748214361,3.47645895994891,0.000508081983175951,0.0298888705744731
"232282_at",3.36244612015324,-0.640332449413698,0.173240377486055,-3.69620788586219,0.000218843796829149,0.0154302493885941
"232286_at",6.1392104493446,0.503303175053418,0.149201478514941,3.37331224906742,0.000742696773278233,0.0400995213999839
"232726_at",6.66874103414807,0.49594571348713,0.122131792302665,4.06074212239582,4.89169784343315e-05,0.00439346733283751
"232914_s_at",9.47909506119602,0.372213169165971,0.101525955732719,3.66618729643751,0.000246193639723176,0.0167301312345677
"232997_at",6.36471377285938,0.560747340711957,0.12255609317639,4.57543420468615,4.75233307764963e-06,0.000612119137001577
"233123_at",6.8884382507105,0.475409734729857,0.124058268678855,3.83214871360598,0.000127028909803742,0.00969992193010675
"233203_at",3.61621770998505,-0.703591312389187,0.165108621449885,-4.26138445231187,2.03164388526031e-05,0.00209620974067146
"233276_at",5.66066257492628,0.642158361057099,0.135888037354819,4.72564306290148,2.29388269965839e-06,0.000325219758001208
"233498_at",3.67798714194051,0.810322835715273,0.186794395467399,4.3380468331915,1.43754526952077e-05,0.00157387247924699
"234310_s_at",2.51194102031962,0.683877461866487,0.19062134218038,3.58762273963716,0.000333706656690129,0.0215972318009602
"234354_x_at",3.55398019707484,1.37345682086034,0.162252155836699,8.46495267676242,2.56256720022908e-17,2.34886101464719e-14
"234709_at",3.4865290229209,1.40203308734897,0.171803240293423,8.16069059555824,3.33114468660674e-16,2.79348375910464e-13
"234785_at",4.56791369119905,0.896487595765888,0.148037307567609,6.05582207955558,1.39702347349638e-09,4.14002129205912e-07
"235020_at",6.27934233882333,-0.510838053856878,0.123705792939593,-4.12945943530976,3.63617147742719e-05,0.00347012258138778
"235046_at",7.59201404967045,0.660869332926227,0.118755760495149,5.56494548281909,2.62234380919323e-08,6.18904544284682e-06
"235075_at",3.15938246492609,-1.36614936641393,0.222192718498435,-6.14848846373671,7.82248157198954e-10,2.42767943841257e-07
"235136_at",2.92357370842032,2.25248069722827,0.214892699575692,10.4818856186172,1.04636370200137e-25,3.74921626824382e-22
"235148_at",6.60087449865325,-0.440951940945282,0.122175548135017,-3.60916687239235,0.000307181968863254,0.0201452081876478
"235209_at",2.98532720476929,1.20575970061503,0.197954029648167,6.09110965186249,1.12130711206667e-09,3.37367927595388e-07
"235210_s_at",2.51797805459845,1.47043256478673,0.278562057352022,5.27865344894595,1.30136660521129e-07,2.46596458547105e-05
"235238_at",4.38205292405394,-0.832603861797388,0.155018784582235,-5.37098690356266,7.83068968428402e-08,1.65986707482132e-05
"235343_at",5.04625231687231,-0.512179878557668,0.136841111046277,-3.74288015232833,0.000181923009731895,0.0133001782120994
"235444_at",6.72550507853381,0.534038746902961,0.119484535745295,4.4695218805668,7.83946396230664e-06,0.000925103690450161
"235486_at",3.80722644657634,-0.538000555239637,0.160946302373948,-3.34273324272854,0.000829576054279073,0.0435378303639885
"235651_at",4.62944337274579,-0.726429359552875,0.142396822873483,-5.10144359188614,3.37072488113605e-07,5.8525881262157e-05
"235763_at",5.64932182679249,0.506446358412318,0.127872203927181,3.96056643162827,7.47721873389399e-05,0.00615254904337574
"235911_at",8.12115556608666,-0.536475513406903,0.110415729616059,-4.85868739238831,1.18166535015322e-06,0.00018122240510093
"236037_at",5.22088597310725,0.52569439692608,0.13402184568576,3.92245304663742,8.76519784896399e-05,0.00713494980314575
"236044_at",5.81857573051213,0.539663893673668,0.129251551259265,4.17529916210568,2.97594705557577e-05,0.0029250368391138
"236236_at",2.78783188212595,-0.741106321378589,0.19364946169837,-3.82705076935841,0.000129687773911572,0.00981096721871532
"236237_at",5.84617869882881,0.489714273297593,0.136601486279142,3.58498495614368,0.000337097635788123,0.0217097487205116
"236256_at",2.99088311450254,1.20081641468805,0.214216539592425,5.60561951459378,2.07511372482802e-08,5.01770137118844e-06
"236335_at",3.6778647225148,1.11636371125352,0.165097292413171,6.76185354063661,1.36237390608852e-11,5.65227422469188e-09
"236496_at",5.92514529424285,0.502261230323809,0.137560388440285,3.65120537982372,0.000261012403925305,0.017571385380238
"236565_s_at",4.9105493517441,-0.703214525632951,0.144217705902958,-4.87606234775452,1.08224415000266e-06,0.000168599094577884
"236599_at",4.35924702659158,-0.504058117213309,0.150250740450872,-3.35477958844484,0.00079428243209869,0.0421911695131237
"236641_at",5.65962938978872,-0.408744215933561,0.123571692100365,-3.3077496066136,0.000940488581227439,0.0477685785315699
"236957_at",3.42952539641134,-0.768333919647526,0.178344972480406,-4.30813332701004,1.6463813597324e-05,0.00175854945562311
"237086_at",6.44917726433239,1.87529163691519,0.149682706532912,12.5284455389164,5.21752907545645e-36,1.0282184549002e-31
"237128_at",2.91203724211951,0.748488977524929,0.187580696267232,3.99022390053725,6.60109511493147e-05,0.00557136453874355
"237339_at",5.27779298317868,2.03757059343506,0.203825998473764,9.99661774598066,1.57691092026835e-23,3.88452293821604e-20
"237395_at",4.64694042431362,1.61312413533712,0.179506432593056,8.98644194547668,2.55363500403869e-19,2.87568485854803e-16
"237452_at",4.91661863172788,-0.640710320526546,0.142520084919371,-4.49557913811951,6.93808471363506e-06,0.000844005157108679
"237968_at",4.43798571116297,-0.576328412840359,0.148360641258916,-3.88464492974631,0.000102479547006015,0.00808887054901423
"238017_at",4.63602704264693,1.24724563687935,0.158928575097293,7.84783753403567,4.23272036833956e-15,2.92681474732869e-12
"238029_s_at",6.06024517373161,0.490751352355331,0.126195363157553,3.88882237885901,0.000100731803144684,0.00798841708077383
"238066_at",6.78673429118798,-0.557164886777252,0.127442660352426,-4.3718868174635,1.23177379961059e-05,0.00137558121012379
"238469_at",5.66578323683227,-0.638623602938576,0.132930144340164,-4.80420453997521,1.55367940657398e-06,0.000230402248464341
"238520_at",5.90234180972973,0.518396751688813,0.129916920128474,3.99021737258067,6.6012768041641e-05,0.00557136453874355
"238759_at",2.64728037351168,-0.822442609505416,0.196582936121301,-4.18369277482929,2.86811659266104e-05,0.00283318163867524
"238865_at",3.73993482162128,-0.861614550486005,0.164559593284354,-5.23588162372983,1.641991714731e-07,2.99617877057443e-05
"238898_at",3.12006670096264,-1.05069536408265,0.182367158309066,-5.76142861370896,8.34049384549616e-09,2.14857663023781e-06
"238999_at",6.16738028453611,0.422214212123395,0.125717978335993,3.3584234944901,0.000783884168318416,0.0418734136042462
"239058_at",2.77096353071944,-0.711666048977411,0.19524950941857,-3.644905695777,0.000267489868447948,0.017903666255543
"239262_at",3.00745228111778,0.625582181600687,0.189791621225659,3.29615278883614,0.000980186917999199,0.0493398303780593
"239594_at",3.14860607001394,0.667210869057572,0.190914948745445,3.49480684169574,0.000474404950393955,0.0284167123325643
"239606_at",7.72166629253965,-0.432762648300819,0.108777099617919,-3.97843525724534,6.93702947429123e-05,0.00579271355296005
"239660_at",5.90835574470256,0.429310113670468,0.12423647985054,3.4555881991098,0.000549093513310089,0.0318264290200056
"239723_at",6.0777606282796,0.83036747470783,0.137260973856909,6.04955255215854,1.45248679624808e-09,4.27226228263597e-07
"239808_at",4.06091903029158,0.581242234001275,0.147381975872283,3.9437809851658,8.02069142116757e-05,0.00655866248286097
"239973_at",3.93109552364716,-0.80947292511667,0.158023887457026,-5.12247191322137,3.0155602519373e-07,5.28245741199363e-05
"240067_at",3.61570497424602,0.54457984862245,0.157792154607084,3.45124794054876,0.000558000698203262,0.0320239754129644
"240242_at",2.88920257258329,0.710446320576148,0.17855195908408,3.97893321484981,6.92251814313504e-05,0.00579271355296005
"240303_at",4.18457294530854,0.803466224373671,0.149799009337551,5.36362842402497,8.1566610938637e-08,1.69958715810678e-05
"240304_s_at",5.89126840576171,1.77043507178176,0.155263865077506,11.4027502207161,4.05115553017294e-30,2.6612040677706e-26
"240655_at",7.0177345606988,0.641706541149015,0.117356491284217,5.46801062409842,4.5511460991898e-08,9.96549290852592e-06
"240666_at",4.79338725616764,0.71516659776398,0.144076547015585,4.96379606936735,6.9128529075643e-07,0.000113055263277485
"240815_at",5.26043527134512,0.477000545589297,0.138034505684061,3.4556616349326,0.000548943952358784,0.0318264290200056
"241031_at",2.89502721359488,1.2255261177919,0.175870636387786,6.96833845014172,3.2070596014675e-12,1.42025895654202e-09
"241310_at",3.64982707663636,0.711125222790816,0.169921381763602,4.1850249533643,2.85134776980819e-05,0.00282369399495528
"241457_at",7.93610831819019,0.433113080041118,0.112189057246119,3.86056439614214,0.000113125421261808,0.00877701841262385
"241505_at",3.90349639575804,1.27355421566281,0.177174266238781,7.18814443372052,6.56777657943643e-13,3.45149794802543e-10
"241797_at",4.57282824988039,-0.518995530211595,0.15041726154294,-3.4503721506952,0.000559814255328879,0.0320239754129644
"242019_at",2.478082363081,0.63797066149049,0.191461337602239,3.33211221377694,0.000861894955764078,0.0449943414390535
"242055_at",6.35318830325252,0.601007355050128,0.122912483977805,4.88971775363887,1.00980662037188e-06,0.000157938564029116
"242093_at",3.57100468198233,0.837001633505797,0.185308123060435,4.51681027082026,6.27781062333296e-06,0.000775659191725557
"242098_at",3.80170555415672,0.565958104573314,0.15379376139745,3.67998090059522,0.000233251423126149,0.016063934786143
"242103_at",4.06112192900372,0.697250844828197,0.147979794451152,4.71179763030661,2.45541152406914e-06,0.000341970282012937
"242196_at",2.87234109630251,0.738798827998348,0.183815610163555,4.0192387759722,5.83864763652483e-05,0.00510253787019932
"242216_at",4.9844398454672,0.477243837582417,0.137214260721075,3.47809210991955,0.000504996361251478,0.0297517587180355
"242260_at",3.32829672908188,-0.745054436648897,0.169401561228345,-4.39815566778986,1.09174664919144e-05,0.00123295422439059
"242335_at",3.64380594024781,-0.597926304469738,0.164160554408517,-3.64232629832491,0.000270185289396936,0.0180492932140523
"242350_s_at",5.66599764799272,0.555597933508025,0.123006740245852,4.51680885451933,6.27785259452105e-06,0.000775659191725557
"242457_at",4.61852239786763,-0.477744110279418,0.140951848610836,-3.38941358334687,0.00070042281783587,0.0380778826788731
"242473_at",3.27794611601199,0.890244768515584,0.167231230558852,5.32343609229313,1.01825237163425e-07,2.0437658980604e-05
"242600_at",3.70611941679125,-0.771173733813081,0.163436441239409,-4.71849318282349,2.37597928924539e-06,0.000334453027522564
"242710_at",4.38178995667478,-0.607677530046959,0.150744133657059,-4.03118526276729,5.54962764661009e-05,0.00490432789380023
"242828_at",4.18984055949131,-0.536230745119192,0.156524906266264,-3.42584932909661,0.00061288025858858,0.0344103454587041
"242874_at",6.42103448893638,0.582249464258428,0.120546941239027,4.83006419137513,1.36489041345409e-06,0.000205327445633128
"242888_at",4.30257927590359,-0.631292255843333,0.150642460481857,-4.19066612311051,2.78136686890599e-05,0.00276132981791085
"243198_at",4.10008661082179,0.589063000177339,0.153706905677251,3.8323782368909,0.000126910417647275,0.00969992193010675
"243209_at",3.52538420366458,-0.705139532268168,0.164155583625946,-4.29555618330313,1.74255896304158e-05,0.00184131954341342
"243291_at",3.78507907879395,0.589056831399882,0.159936720895678,3.68306182658393,0.0002304492385646,0.0159629636006769
"243349_at",4.07269352141516,0.742107102467929,0.154061419525144,4.81695615135373,1.45764704561463e-06,0.000218447531010856
"243444_at",5.24325324977085,0.439589052594099,0.130687990654428,3.3636530058564,0.000769181860964822,0.0412469848545136
"243634_at",6.17298052005763,0.587662384783193,0.127308666516469,4.6160438316049,3.91124373644945e-06,0.000520803245366279
"243729_at",6.07166904463364,0.59584588170884,0.12616868552705,4.72261305743012,2.32833579421349e-06,0.000328921243702977
"243754_at",2.75415650418482,-0.697667117875528,0.185823961916544,-3.75445185152634,0.000173721233496006,0.0128221885711827
"244008_at",2.91200813986387,0.664627780149906,0.180118134451835,3.6899548297711,0.000224293874600063,0.0156743240664661
"244231_at",2.65273698116009,-0.836370315215009,0.192955853725486,-4.33451641433431,1.46080888838407e-05,0.00159286995446181
"244384_at",4.95079432024004,-0.650607161322194,0.141412905870604,-4.60076226647598,4.20947641649373e-06,0.000551203666045462
"244689_at",5.49106498137496,-0.444674865176558,0.13298358532651,-3.34383273006789,0.000826295416358596,0.0434234767204769
"244845_at",6.13908744910885,0.430852302103018,0.127489328009836,3.37951661389083,0.000726134184748784,0.0392590572807799
"32094_at",3.23812565250998,-0.726448720046668,0.180246327954775,-4.03031078796201,5.57031531888877e-05,0.00491159749393024
"39763_at",3.14855001384759,0.983223461087468,0.185374016532122,5.30399825974043,1.13293392721333e-07,2.19967772449194e-05
"51158_at",5.28279556128786,0.483068241850626,0.139104876456291,3.47269092325756,0.000515268373889138,0.0302664496102332
"55616_at",8.22308520997914,0.906543073113264,0.108075581698067,8.38804713210696,4.94284059134845e-17,4.32926931260906e-14
"60474_at",5.50742843495126,-0.504048841382519,0.132958900255558,-3.79101241371352,0.00015003445423865,0.0112423155501181
